timestamp,cpu_usage,memory_usage,process_name,pid,process_cpu,process_memory,status
1751953963,16.1,78.6,System Idle Process,0,682.4,4.836995664600786e-05,High Process Usage
1751953963,16.1,78.6,System,4,6.7,0.0491196909740209,Normal
1751953963,16.1,78.6,MsMpEng.exe,5904,5.4,1.852351674737194,Normal
1751953963,16.1,78.6,Code.exe,6032,1.6,1.1284469035730402,Normal
1751953963,16.1,78.6,Code.exe,12184,1.0,1.6410958890857548,Normal
1751953963,16.1,78.6,ChatGPT.exe,15708,2.9,1.009335885332246,Normal
1751953963,16.1,78.6,msedgewebview2.exe,17052,1.9,0.535358680158015,Normal
1751953963,16.1,78.6,explorer.exe,18404,2.1,2.544162979666721,Normal
1751953963,16.1,78.6,dwm.exe,18536,10.3,0.9036233450823956,Normal
1751953963,16.1,78.6,WmiPrvSE.exe,18728,1.0,0.0869691820495221,Normal
1751953963,16.1,78.6,python.exe,19460,8.4,0.4766859227464075,Normal
1751953963,16.1,78.6,Spotify.exe,25136,5.8,1.647625833232966,Normal
1751953963,16.1,78.6,Spotify.exe,25920,1.0,2.473228438245351,Normal
1751953963,16.1,78.6,audiodg.exe,27064,5.3,0.1243833435152092,Normal
1751953963,16.1,78.6,Code.exe,27800,1.9,1.76061805195804,Normal
1751953963,16.1,78.6,msedgewebview2.exe,28996,24.1,0.952912330904678,Normal
1751953963,16.1,78.6,msedgewebview2.exe,29216,5.1,2.5759662261614715,Normal
1751953969,30.8,79.1,System Idle Process,0,657.0,4.836995664600786e-05,High Process Usage
1751953969,30.8,79.1,System,4,4.3,0.0491196909740209,Normal
1751953969,30.8,79.1,svchost.exe,1536,1.2,0.104600031246992,Normal
1751953969,30.8,79.1,svchost.exe,1940,2.2,0.0788430293329928,Normal
1751953969,30.8,79.1,svchost.exe,4632,1.0,0.0888314253803934,Normal
1751953969,30.8,79.1,MsMpEng.exe,5904,18.3,1.890443015595925,Normal
1751953969,30.8,79.1,Code.exe,6032,3.1,1.16934370191724,Normal
1751953969,30.8,79.1,ChatGPT.exe,15708,1.9,1.008948925679078,Normal
1751953969,30.8,79.1,explorer.exe,18404,4.3,2.5461219629108847,Normal
1751953969,30.8,79.1,dwm.exe,18536,16.9,0.9477851155002012,Normal
1751953969,30.8,79.1,WmiPrvSE.exe,18728,1.0,0.0875254365509512,Normal
1751953969,30.8,79.1,Code.exe,18856,2.1,1.0139068462352936,Normal
1751953969,30.8,79.1,python.exe,19460,8.6,0.4785965360339247,Normal
1751953969,30.8,79.1,chrome.exe,22484,8.1,0.917191117921601,Normal
1751953969,30.8,79.1,Spotify.exe,25136,2.8,1.6471663186448284,Normal
1751953969,30.8,79.1,audiodg.exe,27064,3.3,0.1243833435152092,Normal
1751953969,30.8,79.1,Code.exe,27800,5.5,1.7767978024561295,Normal
1751953969,30.8,79.1,msedgewebview2.exe,28996,18.0,0.953105810731262,Normal
1751953969,30.8,79.1,msedgewebview2.exe,29216,5.0,2.573064028762711,Normal
1751953976,23.0,81.6,System Idle Process,0,620.4,4.836995664600786e-05,High Process Usage
1751953976,23.0,81.6,System,4,14.9,0.0491196909740209,Normal
1751953976,23.0,81.6,MemCompression,3644,2.1,2.8778673105675296,Normal
1751953976,23.0,81.6,MsMpEng.exe,5904,11.2,1.934459676143792,Normal
1751953976,23.0,81.6,chrome.exe,9440,4.4,1.483385645441446,Normal
1751953976,23.0,81.6,svchost.exe,12920,1.2,0.2185112791483405,Normal
1751953976,23.0,81.6,msedge.exe,14936,3.7,0.8666203282481999,Normal
1751953976,23.0,81.6,explorer.exe,18404,13.7,2.553861155974246,Normal
1751953976,23.0,81.6,dwm.exe,18536,16.7,1.039688033127616,Normal
1751953976,23.0,81.6,WmiPrvSE.exe,18728,1.2,0.0874045116593362,Normal
1751953976,23.0,81.6,python.exe,19460,10.9,0.4791044205787079,Normal
1751953976,23.0,81.6,chrome.exe,19528,1.2,0.4168764713536187,Normal
1751953976,23.0,81.6,msedge.exe,20448,4.6,0.2563607702238417,Normal
1751953976,23.0,81.6,msedge.exe,21876,9.0,1.1103081698307875,Normal
1751953976,23.0,81.6,Spotify.exe,25136,1.9,1.6473839834497357,Normal
1751953976,23.0,81.6,msedge.exe,25820,12.3,0.9488250695680902,Normal
1751953976,23.0,81.6,audiodg.exe,27064,3.2,0.1243833435152092,Normal
1751953976,23.0,81.6,msedgewebview2.exe,28996,16.5,0.9531299957095848,Normal
1751953976,23.0,81.6,msedgewebview2.exe,29216,6.5,2.5679126283799114,Normal
1751953983,20.8,84.5,System Idle Process,0,517.2,4.836995664600786e-05,High Process Usage
1751953983,20.8,84.5,System,4,16.7,0.0491438759523439,Normal
1751953983,20.8,84.5,services.exe,1128,1.4,0.049458280670543,Normal
1751953983,20.8,84.5,lsass.exe,1156,1.2,0.1257135173229744,Normal
1751953983,20.8,84.5,svchost.exe,1372,1.4,0.2068299346183296,Normal
1751953983,20.8,84.5,chrome.exe,1408,12.5,1.4532995324076292,Normal
1751953983,20.8,84.5,svchost.exe,1536,3.0,0.1021573484363685,Normal
1751953983,20.8,84.5,svchost.exe,1940,1.4,0.0788430293329928,Normal
1751953983,20.8,84.5,svchost.exe,2256,3.2,0.1308407327274512,Normal
1751953983,20.8,84.5,MemCompression,3644,2.1,2.8838651851916346,Normal
1751953983,20.8,84.5,svchost.exe,4496,2.1,0.1617975049808963,Normal
1751953983,20.8,84.5,MsMpEng.exe,5904,8.5,1.950494316771944,Normal
1751953983,20.8,84.5,chrome.exe,9440,17.4,1.5182603841832176,Normal
1751953983,20.8,84.5,ApplicationFrameHost.exe,10648,2.0,0.2936540067979137,Normal
1751953983,20.8,84.5,svchost.exe,12920,1.8,0.2185112791483405,Normal
1751953983,20.8,84.5,ChatGPT.exe,15708,2.0,1.0099888797469672,Normal
1751953983,20.8,84.5,chrome.exe,16732,44.7,2.28949515792549,Normal
1751953983,20.8,84.5,explorer.exe,18404,8.2,2.557367977831081,Normal
1751953983,20.8,84.5,dwm.exe,18536,29.9,1.10203690724432,Normal
1751953983,20.8,84.5,python.exe,19460,14.6,0.4792011604919998,Normal
1751953983,20.8,84.5,chrome.exe,19528,4.4,0.4201656284055473,Normal
1751953983,20.8,84.5,msedge.exe,21876,4.2,1.13802415498895,Normal
1751953983,20.8,84.5,notepad++.exe,23060,1.1,0.5503533667182774,Normal
1751953983,20.8,84.5,Spotify.exe,25136,1.3,1.6468277289483066,Normal
1751953983,20.8,84.5,ctfmon.exe,25316,1.5,0.17229378557308,Normal
1751953983,20.8,84.5,msedge.exe,25820,3.3,0.9363939907100662,Normal
1751953983,20.8,84.5,audiodg.exe,27064,4.0,0.1250363379299303,Normal
1751953983,20.8,84.5,msedgewebview2.exe,28996,12.6,0.9889963185625996,Normal
1751953983,20.8,84.5,msedgewebview2.exe,29216,5.5,2.578795868625263,Normal
1751953990,41.2,85.0,System Idle Process,0,471.5,4.836995664600786e-05,High Process Usage
1751953990,41.2,85.0,System,4,17.5,0.0491438759523439,Normal
1751953990,41.2,85.0,chrome.exe,1408,34.1,2.536302861711745,Normal
1751953990,41.2,85.0,MemCompression,3644,16.3,3.4260923991933825,Normal
1751953990,41.2,85.0,MsMpEng.exe,5904,4.9,1.9278329920832893,Normal
1751953990,41.2,85.0,chrome.exe,9440,44.7,1.6966245993153717,Normal
1751953990,41.2,85.0,Spotify.exe,12216,1.3,0.2635678937640968,Normal
1751953990,41.2,85.0,ChatGPT.exe,15708,1.6,1.0099888797469672,Normal
1751953990,41.2,85.0,chrome.exe,16732,6.9,1.575457857917122,Normal
1751953990,41.2,85.0,explorer.exe,18404,1.3,2.5573921628094043,Normal
1751953990,41.2,85.0,dwm.exe,18536,19.7,1.0657836247381371,Normal
1751953990,41.2,85.0,WmiPrvSE.exe,18728,1.1,0.0876947313992122,Normal
1751953990,41.2,85.0,chrome.exe,18812,38.8,1.3685553683638234,Normal
1751953990,41.2,85.0,python.exe,19460,13.7,0.480337854473181,Normal
1751953990,41.2,85.0,chrome.exe,19528,9.6,0.4297428798214568,Normal
1751953990,41.2,85.0,Spotify.exe,25136,3.8,1.6461021795986166,Normal
1751953990,41.2,85.0,ctfmon.exe,25316,2.9,0.172317970551403,Normal
1751953990,41.2,85.0,audiodg.exe,27064,3.8,0.1250363379299303,Normal
1751953990,41.2,85.0,msedgewebview2.exe,28996,17.7,0.9889963185625996,Normal
1751953990,41.2,85.0,msedgewebview2.exe,29216,6.7,2.5812385514358867,Normal
1751953997,19.1,85.5,System Idle Process,0,584.7,4.836995664600786e-05,High Process Usage
1751953997,19.1,85.5,System,4,16.3,0.0491438759523439,High Memory Usage
1751953997,19.1,85.5,chrome.exe,1408,23.3,2.45421904528347,High Memory Usage
1751953997,19.1,85.5,TextInputHost.exe,3568,1.1,1.580705998213214,High Memory Usage
1751953997,19.1,85.5,MsMpEng.exe,5904,2.3,1.7196970686355173,High Memory Usage
1751953997,19.1,85.5,chrome.exe,9440,22.3,1.6691746489187622,High Memory Usage
1751953997,19.1,85.5,ChatGPT.exe,15708,3.2,1.010037249703613,High Memory Usage
1751953997,19.1,85.5,explorer.exe,18404,1.6,2.5574405327660505,High Memory Usage
1751953997,19.1,85.5,dwm.exe,18536,19.1,1.22634769582456,High Memory Usage
1751953997,19.1,85.5,WmiPrvSE.exe,18728,1.1,0.0877189163775352,High Memory Usage
1751953997,19.1,85.5,chrome.exe,18812,4.3,1.416369070508402,High Memory Usage
1751953997,19.1,85.5,python.exe,19460,13.0,0.4805555192780881,High Memory Usage
1751953997,19.1,85.5,chrome.exe,19528,2.0,0.4196093739041182,High Memory Usage
1751953997,19.1,85.5,msedge.exe,21876,1.6,1.1399589532547902,High Memory Usage
1751953997,19.1,85.5,chrome.exe,24520,16.2,0.7746690406641389,High Memory Usage
1751953997,19.1,85.5,Spotify.exe,25136,3.2,1.6453040753139574,High Memory Usage
1751953997,19.1,85.5,ctfmon.exe,25316,1.6,0.172317970551403,High Memory Usage
1751953997,19.1,85.5,chrome.exe,25612,21.6,1.3929821964700573,High Memory Usage
1751953997,19.1,85.5,audiodg.exe,27064,5.4,0.1249395980166382,High Memory Usage
1751953997,19.1,85.5,msedgewebview2.exe,28996,19.6,0.9859973812505471,High Memory Usage
1751953997,19.1,85.5,msedgewebview2.exe,29216,5.4,2.5821092106555144,High Memory Usage
1751954004,21.7,82.6,System Idle Process,0,634.8,4.836995664600786e-05,High Process Usage
1751954004,21.7,82.6,System,4,9.9,0.0491438759523439,Normal
1751954004,21.7,82.6,chrome.exe,1408,10.3,2.1192087255532197,Normal
1751954004,21.7,82.6,svchost.exe,1940,2.2,0.0788188443546698,Normal
1751954004,21.7,82.6,MsMpEng.exe,5904,5.1,1.728524585723414,Normal
1751954004,21.7,82.6,chrome.exe,9440,8.1,1.6290033999242528,Normal
1751954004,21.7,82.6,Code.exe,12184,1.3,1.642305138001905,Normal
1751954004,21.7,82.6,ChatGPT.exe,15708,2.9,1.010061434681936,Normal
1751954004,21.7,82.6,explorer.exe,18404,3.1,2.5572470529394664,Normal
1751954004,21.7,82.6,dwm.exe,18536,18.8,1.122497398905581,Normal
1751954004,21.7,82.6,Code.exe,18856,2.2,1.011536718359639,Normal
1751954004,21.7,82.6,python.exe,19460,13.8,0.480603889234734,Normal
1751954004,21.7,82.6,WUDFHost.exe,20944,2.9,0.0399293992112794,Normal
1751954004,21.7,82.6,Spotify.exe,25136,1.6,1.6443850461376832,Normal
1751954004,21.7,82.6,audiodg.exe,27064,3.6,0.1249395980166382,Normal
1751954004,21.7,82.6,Code.exe,27800,10.5,1.7877535976364505,Normal
1751954004,21.7,82.6,msedgewebview2.exe,28996,19.6,0.9703255152972406,Normal
1751954004,21.7,82.6,msedgewebview2.exe,29216,4.0,2.582568725243652,Normal
1751954011,28.3,81.7,System Idle Process,0,623.1,4.836995664600786e-05,High Process Usage
1751954011,28.3,81.7,System,4,30.1,0.0491438759523439,Normal
1751954011,28.3,81.7,svchost.exe,1536,1.1,0.1096788766948228,Normal
1751954011,28.3,81.7,svchost.exe,2256,1.1,0.1350731039339769,Normal
1751954011,28.3,81.7,svchost.exe,4632,2.1,0.0900890442531896,Normal
1751954011,28.3,81.7,MsMpEng.exe,5904,7.9,1.8245147646874165,Normal
1751954011,28.3,81.7,Code.exe,6032,2.1,1.1356540271132955,Normal
1751954011,28.3,81.7,chrome.exe,9440,2.8,1.6242389591946211,Normal
1751954011,28.3,81.7,EXCEL.EXE,15444,1.4,1.465053431872609,Normal
1751954011,28.3,81.7,ChatGPT.exe,15708,2.3,1.010061434681936,Normal
1751954011,28.3,81.7,chrome.exe,16732,10.5,1.5789404947956345,Normal
1751954011,28.3,81.7,explorer.exe,18404,12.8,2.6112037395780883,Normal
1751954011,28.3,81.7,dwm.exe,18536,19.9,1.0990379699322677,Normal
1751954011,28.3,81.7,python.exe,19460,10.3,0.48065225919138,Normal
1751954011,28.3,81.7,csrss.exe,21676,1.2,0.0287075692694056,Normal
1751954011,28.3,81.7,Spotify.exe,25136,2.1,1.643514386918055,Normal
1751954011,28.3,81.7,audiodg.exe,27064,5.2,0.1249395980166382,Normal
1751954011,28.3,81.7,Code.exe,27800,4.0,1.7539188129625678,Normal
1751954011,28.3,81.7,msedgewebview2.exe,28996,16.4,0.9591520553120128,Normal
1751954011,28.3,81.7,msedgewebview2.exe,29216,5.9,2.583318459571665,Normal
1751954104,12.0,79.8,System Idle Process,0,693.4,4.836995664600786e-05,High Process Usage
1751954104,12.0,79.8,System,4,4.0,0.0491680609306669,Normal
1751954104,12.0,79.8,MsMpEng.exe,5904,1.2,1.773145870729356,Normal
1751954104,12.0,79.8,Code.exe,6032,1.6,1.015793274544488,Normal
1751954104,12.0,79.8,EXCEL.EXE,15444,1.2,1.5533286027515734,Normal
1751954104,12.0,79.8,ChatGPT.exe,15708,1.4,1.0080298965028038,Normal
1751954104,12.0,79.8,python.exe,16452,8.6,0.4788142008388318,Normal
1751954104,12.0,79.8,dwm.exe,18536,16.0,1.175172281693084,Normal
1751954104,12.0,79.8,chrome.exe,19528,1.0,0.4057271963467139,Normal
1751954104,12.0,79.8,Spotify.exe,25136,2.2,1.6500201460869433,Normal
1751954104,12.0,79.8,audiodg.exe,27064,4.8,0.1244075284935322,Normal
1751954104,12.0,79.8,Code.exe,27800,3.1,1.7521049395883428,Normal
1751954104,12.0,79.8,msedgewebview2.exe,28996,22.6,0.2873175424772866,Normal
1751954104,12.0,79.8,msedgewebview2.exe,29216,5.0,0.4660203473059627,Normal
1751954111,11.8,79.8,System Idle Process,0,687.3,4.836995664600786e-05,High Process Usage
1751954111,11.8,79.8,System,4,6.5,0.0491680609306669,Normal
1751954111,11.8,79.8,MsMpEng.exe,5904,3.8,1.7830133418851415,Normal
1751954111,11.8,79.8,Code.exe,6032,2.9,1.1285436434863323,Normal
1751954111,11.8,79.8,svchost.exe,7764,1.0,0.1079133732772435,Normal
1751954111,11.8,79.8,ChatGPT.exe,15708,1.2,1.00880381580914,Normal
1751954111,11.8,79.8,python.exe,16452,7.7,0.4799025248633669,Normal
1751954111,11.8,79.8,chrome.exe,16732,5.8,1.4363458626032035,Normal
1751954111,11.8,79.8,explorer.exe,18404,1.7,2.407009967596966,Normal
1751954111,11.8,79.8,dwm.exe,18536,15.6,1.1720524194894164,Normal
1751954111,11.8,79.8,Spotify.exe,25136,5.0,1.6498750362170052,Normal
1751954111,11.8,79.8,Spotify.exe,25920,1.0,2.4881263848923214,Normal
1751954111,11.8,79.8,audiodg.exe,27064,5.5,0.1244075284935322,Normal
1751954111,11.8,79.8,Code.exe,27800,2.2,1.7560954610116384,Normal
1751954111,11.8,79.8,msedgewebview2.exe,28996,25.0,0.2882123866752378,Normal
1751954111,11.8,79.8,msedgewebview2.exe,29216,4.6,0.4674714460053429,Normal
1751954117,10.9,79.7,System Idle Process,0,701.9,4.836995664600786e-05,High Process Usage
1751954117,10.9,79.7,System,4,4.3,0.0491680609306669,Normal
1751954117,10.9,79.7,MsMpEng.exe,5904,3.6,1.772758911076188,Normal
1751954117,10.9,79.7,Code.exe,6032,1.9,1.1402975429513122,Normal
1751954117,10.9,79.7,EXCEL.EXE,15444,1.0,1.5215253562568232,Normal
1751954117,10.9,79.7,ChatGPT.exe,15708,2.6,1.008465226112618,Normal
1751954117,10.9,79.7,python.exe,16452,8.1,0.479999264776659,Normal
1751954117,10.9,79.7,explorer.exe,18404,1.2,2.405970013529077,Normal
1751954117,10.9,79.7,dwm.exe,18536,16.5,1.1720766044677395,Normal
1751954117,10.9,79.7,WmiPrvSE.exe,18728,1.0,0.0870901069411371,Normal
1751954117,10.9,79.7,Spotify.exe,25136,3.3,1.6498750362170052,Normal
1751954117,10.9,79.7,audiodg.exe,27064,4.5,0.1244075284935322,Normal
1751954117,10.9,79.7,Code.exe,27800,1.0,1.7571596000578504,Normal
1751954117,10.9,79.7,msedgewebview2.exe,28996,22.6,0.2887202712200209,Normal
1751954117,10.9,79.7,msedgewebview2.exe,29216,4.0,0.4686565099431701,Normal
1751954124,7.2,79.8,System Idle Process,0,703.9,4.836995664600786e-05,High Process Usage
1751954124,7.2,79.8,System,4,4.5,0.0491680609306669,Normal
1751954124,7.2,79.8,MsMpEng.exe,5904,3.1,1.6972292237734468,Normal
1751954124,7.2,79.8,Code.exe,6032,3.1,1.143973659656409,Normal
1751954124,7.2,79.8,ChatGPT.exe,15708,1.4,1.0081024514377728,Normal
1751954124,7.2,79.8,python.exe,16452,7.9,0.4800234497549819,Normal
1751954124,7.2,79.8,explorer.exe,18404,1.2,2.4059216435724307,Normal
1751954124,7.2,79.8,dwm.exe,18536,15.6,1.1721007894460624,Normal
1751954124,7.2,79.8,WmiPrvSE.exe,18728,1.9,0.0869691820495221,Normal
1751954124,7.2,79.8,Spotify.exe,25136,1.4,1.6482062727127176,Normal
1751954124,7.2,79.8,audiodg.exe,27064,4.3,0.1246251932984392,Normal
1751954124,7.2,79.8,Code.exe,27800,2.6,1.760908271697916,Normal
1751954124,7.2,79.8,msedgewebview2.exe,28996,23.1,0.2934121570146836,Normal
1751954124,7.2,79.8,msedgewebview2.exe,29216,4.1,0.4706396781656565,Normal
1751954130,13.7,79.8,System Idle Process,0,672.2,4.836995664600786e-05,High Process Usage
1751954130,13.7,79.8,System,4,5.8,0.0491680609306669,Normal
1751954130,13.7,79.8,mysqld.exe,1044,1.2,0.0232175791900837,Normal
1751954130,13.7,79.8,svchost.exe,1940,2.2,0.0791574340511918,Normal
1751954130,13.7,79.8,svchost.exe,2192,1.0,0.049313170800605,Normal
1751954130,13.7,79.8,MsMpEng.exe,5904,3.8,1.7298789445095022,Normal
1751954130,13.7,79.8,Code.exe,6032,4.6,1.144433174244546,Normal
1751954130,13.7,79.8,ChatGPT.exe,15708,1.7,1.008465226112618,Normal
1751954130,13.7,79.8,python.exe,16452,7.5,0.4809666639095791,Normal
1751954130,13.7,79.8,explorer.exe,18404,8.6,2.408799655992868,Normal
1751954130,13.7,79.8,dwm.exe,18536,26.0,1.175148096714761,Normal
1751954130,13.7,79.8,WmiPrvSE.exe,18728,1.2,0.0835591001059785,Normal
1751954130,13.7,79.8,Code.exe,18856,1.4,0.9750174010919034,Normal
1751954130,13.7,79.8,WUDFHost.exe,20944,2.2,0.0399052142329564,Normal
1751954130,13.7,79.8,Spotify.exe,25136,3.1,1.649633186433775,Normal
1751954130,13.7,79.8,Spotify.exe,25920,2.4,2.4996142495957483,Normal
1751954130,13.7,79.8,audiodg.exe,27064,3.8,0.1246735632550852,Normal
1751954130,13.7,79.8,Code.exe,27800,5.8,1.7882856671595566,Normal
1751954130,13.7,79.8,msedgewebview2.exe,28996,18.8,0.2939684115161127,Normal
1751954130,13.7,79.8,msedgewebview2.exe,29216,3.8,0.4723326266482667,Normal
1751954137,19.6,79.1,System Idle Process,0,698.8,4.836995664600786e-05,High Process Usage
1751954137,19.6,79.1,System,4,4.1,0.0491680609306669,Normal
1751954137,19.6,79.1,WhatsApp.exe,1748,1.2,1.6032463980102534,Normal
1751954137,19.6,79.1,MemCompression,3644,4.3,4.622015392287604,Normal
1751954137,19.6,79.1,MsMpEng.exe,5904,3.8,1.7363847036783902,Normal
1751954137,19.6,79.1,Code.exe,6032,2.6,1.1372986056392598,Normal
1751954137,19.6,79.1,EXCEL.EXE,15444,1.4,1.5217188360834073,Normal
1751954137,19.6,79.1,ChatGPT.exe,15708,1.7,1.008416856155972,Normal
1751954137,19.6,79.1,python.exe,16452,7.7,0.4810634038228711,Normal
1751954137,19.6,79.1,chrome.exe,16732,14.2,1.2258639962581002,Normal
1751954137,19.6,79.1,explorer.exe,18404,1.7,2.4086545461229303,Normal
1751954137,19.6,79.1,dwm.exe,18536,16.3,1.170504580876744,Normal
1751954137,19.6,79.1,Spotify.exe,25136,1.2,1.6366700380526449,Normal
1751954137,19.6,79.1,Code.exe,27800,4.1,1.7306528638158385,Normal
1751954137,19.6,79.1,msedgewebview2.exe,28996,23.3,0.2948632557140639,Normal
1751954137,19.6,79.1,msedgewebview2.exe,29216,2.9,0.4735660605427399,Normal
1751954143,13.1,79.2,System Idle Process,0,689.5,4.836995664600786e-05,High Process Usage
1751954143,13.1,79.2,System,4,6.5,0.0491680609306669,Normal
1751954143,13.1,79.2,MsMpEng.exe,5904,4.6,1.7530723387212628,Normal
1751954143,13.1,79.2,Code.exe,6032,1.4,1.170939910486558,Normal
1751954143,13.1,79.2,EXCEL.EXE,15444,1.9,1.5222509056065134,Normal
1751954143,13.1,79.2,ChatGPT.exe,15708,2.4,1.0084410411342948,Normal
1751954143,13.1,79.2,python.exe,16452,7.5,0.4811117737795171,Normal
1751954143,13.1,79.2,explorer.exe,18404,1.7,2.4086545461229303,Normal
1751954143,13.1,79.2,dwm.exe,18536,15.7,1.169222777025625,Normal
1751954143,13.1,79.2,Spotify.exe,25136,1.7,1.636742592987614,Normal
1751954143,13.1,79.2,Code.exe,27800,1.7,1.7333857663663377,Normal
1751954143,13.1,79.2,msedgewebview2.exe,28996,23.1,0.2949599956273559,Normal
1751954143,13.1,79.2,msedgewebview2.exe,29216,4.8,0.4764440729631774,Normal
1751954150,8.7,79.1,System Idle Process,0,701.7,4.836995664600786e-05,High Process Usage
1751954150,8.7,79.1,System,4,6.3,0.0491680609306669,Normal
1751954150,8.7,79.1,MsMpEng.exe,5904,4.6,1.7252112436931624,Normal
1751954150,8.7,79.1,Code.exe,6032,1.2,1.1543973853136236,Normal
1751954150,8.7,79.1,ChatGPT.exe,15708,1.4,1.0084410411342948,Normal
1751954150,8.7,79.1,python.exe,16452,7.7,0.4812326986711321,Normal
1751954150,8.7,79.1,explorer.exe,18404,1.2,2.408872210927837,Normal
1751954150,8.7,79.1,dwm.exe,18536,15.9,1.169198592047302,Normal
1751954150,8.7,79.1,WmiPrvSE.exe,18728,1.0,0.0872352168110751,Normal
1751954150,8.7,79.1,Spotify.exe,25136,1.0,1.6366700380526449,Normal
1751954150,8.7,79.1,msedge.exe,25820,8.0,0.793847728474281,Normal
1751954150,8.7,79.1,Code.exe,27800,1.0,1.734861050044041,Normal
1751954150,8.7,79.1,msedgewebview2.exe,28996,23.1,0.295467880172139,Normal
1751954150,8.7,79.1,msedgewebview2.exe,29216,4.3,0.4884156372330643,Normal
1751954156,5.7,79.2,System Idle Process,0,719.6,4.836995664600786e-05,High Process Usage
1751954156,5.7,79.2,System,4,5.3,0.0491680609306669,Normal
1751954156,5.7,79.2,mysqld.exe,1044,1.0,0.0232175791900837,Normal
1751954156,5.7,79.2,MsMpEng.exe,5904,3.8,1.730435199010931,Normal
1751954156,5.7,79.2,Code.exe,6032,1.0,1.1780502941135214,Normal
1751954156,5.7,79.2,Code.exe,12184,1.0,1.6423293229802276,Normal
1751954156,5.7,79.2,ChatGPT.exe,15708,2.9,1.0084410411342948,Normal
1751954156,5.7,79.2,python.exe,16452,7.5,0.4808699239962871,Normal
1751954156,5.7,79.2,explorer.exe,18404,1.4,2.40889639590616,Normal
1751954156,5.7,79.2,dwm.exe,18536,14.7,1.169319516938917,Normal
1751954156,5.7,79.2,WmiPrvSE.exe,18728,1.0,0.0872352168110751,Normal
1751954156,5.7,79.2,Code.exe,27800,1.4,1.741487734104544,Normal
1751954156,5.7,79.2,msedgewebview2.exe,28996,21.2,0.2915499136838123,Normal
1751954156,5.7,79.2,msedgewebview2.exe,29216,3.1,0.4894314063226305,Normal
1751954163,13.7,79.3,System Idle Process,0,711.8,4.836995664600786e-05,High Process Usage
1751954163,13.7,79.3,System,4,3.9,0.0491680609306669,Normal
1751954163,13.7,79.3,MsMpEng.exe,5904,6.0,1.746977724183866,Normal
1751954163,13.7,79.3,Code.exe,6032,1.4,1.1548327149234376,Normal
1751954163,13.7,79.3,ChatGPT.exe,15708,1.7,1.0084410411342948,Normal
1751954163,13.7,79.3,python.exe,16452,7.7,0.4808941089746101,Normal
1751954163,13.7,79.3,explorer.exe,18404,1.2,2.4086545461229303,Normal
1751954163,13.7,79.3,dwm.exe,18536,14.2,1.169246962003948,Normal
1751954163,13.7,79.3,WmiPrvSE.exe,18728,1.4,0.0870417369844911,Normal
1751954163,13.7,79.3,msedgewebview2.exe,28996,23.6,0.2918159484453654,Normal
1751954163,13.7,79.3,msedgewebview2.exe,29216,3.4,0.4941474770956163,Normal
1751954169,10.3,79.3,System Idle Process,0,708.6,4.836995664600786e-05,High Process Usage
1751954169,10.3,79.3,System,4,5.8,0.0491680609306669,Normal
1751954169,10.3,79.3,svchost.exe,2708,1.0,0.0560365947744001,Normal
1751954169,10.3,79.3,MsMpEng.exe,5904,5.0,1.747388868815357,Normal
1751954169,10.3,79.3,Code.exe,6032,1.7,1.1546150501185306,Normal
1751954169,10.3,79.3,ChatGPT.exe,15708,1.2,1.0079331565895118,Normal
1751954169,10.3,79.3,python.exe,16452,7.5,0.4809182939529332,Normal
1751954169,10.3,79.3,chrome.exe,17508,1.0,1.526580016726331,Normal
1751954169,10.3,79.3,explorer.exe,18404,1.9,2.408533621231315,Normal
1751954169,10.3,79.3,dwm.exe,18536,15.4,1.169319516938917,Normal
1751954169,10.3,79.3,Code.exe,27800,1.4,1.748477192839892,Normal
1751954169,10.3,79.3,msedgewebview2.exe,28996,23.9,0.2920819832069184,Normal
1751954169,10.3,79.3,msedgewebview2.exe,29216,3.6,0.4952358011201514,Normal
1751954176,7.6,79.3,System Idle Process,0,713.8,4.836995664600786e-05,High Process Usage
1751954176,7.6,79.3,System,4,5.3,0.0491680609306669,Normal
1751954176,7.6,79.3,WhatsApp.exe,1748,1.0,1.6028352533787624,Normal
1751954176,7.6,79.3,MsMpEng.exe,5904,5.1,1.7260819029127903,Normal
1751954176,7.6,79.3,Code.exe,6032,1.2,1.15807350201872,Normal
1751954176,7.6,79.3,ChatGPT.exe,15708,1.2,1.0084410411342948,Normal
1751954176,7.6,79.3,python.exe,16452,7.2,0.4809666639095791,Normal
1751954176,7.6,79.3,explorer.exe,18404,1.0,2.4085819911879613,Normal
1751954176,7.6,79.3,dwm.exe,18536,15.9,1.169271146982271,Normal
1751954176,7.6,79.3,WmiPrvSE.exe,18728,1.0,0.0873319567243671,Normal
1751954176,7.6,79.3,Code.exe,27800,1.2,1.754184847724121,Normal
1751954176,7.6,79.3,msedgewebview2.exe,28996,25.8,0.2922029080985335,Normal
1751954176,7.6,79.3,msedgewebview2.exe,29216,3.1,0.4962032002530716,Normal
1751954182,7.8,79.3,System Idle Process,0,706.3,4.836995664600786e-05,High Process Usage
1751954182,7.8,79.3,System,4,4.6,0.0491680609306669,Normal
1751954182,7.8,79.3,svchost.exe,1940,1.0,0.0789639542246078,Normal
1751954182,7.8,79.3,MsMpEng.exe,5904,3.8,1.7274362616988788,Normal
1751954182,7.8,79.3,ChatGPT.exe,15708,1.4,1.0082717462860338,Normal
1751954182,7.8,79.3,python.exe,16452,7.5,0.4809666639095791,Normal
1751954182,7.8,79.3,explorer.exe,18404,1.7,2.4081466615781477,Normal
1751954182,7.8,79.3,dwm.exe,18536,15.6,1.169198592047302,Normal
1751954182,7.8,79.3,Code.exe,18856,2.4,0.9740983719156292,Normal
1751954182,7.8,79.3,Code.exe,27800,3.8,1.7701227484389803,Normal
1751954182,7.8,79.3,msedgewebview2.exe,28996,23.2,0.2926866076649935,Normal
1751954182,7.8,79.3,msedgewebview2.exe,29216,5.7,0.5809231793185544,Normal
1751954189,7.4,79.3,System Idle Process,0,713.6,4.836995664600786e-05,High Process Usage
1751954189,7.4,79.3,System,4,4.5,0.0491680609306669,Normal
1751954189,7.4,79.3,MsMpEng.exe,5904,5.7,1.7347159401741026,Normal
1751954189,7.4,79.3,grafana.exe,7940,1.0,0.5378013629686383,Normal
1751954189,7.4,79.3,ChatGPT.exe,15708,2.2,1.008295931264357,Normal
1751954189,7.4,79.3,python.exe,16452,8.1,0.4809908488879021,Normal
1751954189,7.4,79.3,explorer.exe,18404,1.9,2.4083159564264083,Normal
1751954189,7.4,79.3,dwm.exe,18536,14.4,1.169271146982271,Normal
1751954189,7.4,79.3,WmiPrvSE.exe,18728,1.0,0.0875012515726282,Normal
1751954189,7.4,79.3,Spotify.exe,25136,1.4,1.6366216680959988,Normal
1751954189,7.4,79.3,Code.exe,27800,1.0,1.7632300296169243,Normal
1751954189,7.4,79.3,msedgewebview2.exe,28996,19.0,0.2922512780551795,Normal
1751954189,7.4,79.3,msedgewebview2.exe,29216,5.5,0.5978526641446571,Normal
1751954195,10.0,79.3,System Idle Process,0,707.9,4.836995664600786e-05,High Process Usage
1751954195,10.0,79.3,System,4,6.5,0.0491680609306669,Normal
1751954195,10.0,79.3,mysqld.exe,1044,1.2,0.0232175791900837,Normal
1751954195,10.0,79.3,WhatsApp.exe,1748,1.2,1.605834190690815,Normal
1751954195,10.0,79.3,svchost.exe,2708,1.2,0.055867299926139,Normal
1751954195,10.0,79.3,svchost.exe,4632,1.0,0.086606407374677,Normal
1751954195,10.0,79.3,MsMpEng.exe,5904,5.3,1.7411007744513758,Normal
1751954195,10.0,79.3,Code.exe,6032,1.7,1.1547117900318224,Normal
1751954195,10.0,79.3,Code.exe,15620,1.0,0.7090068245171832,Normal
1751954195,10.0,79.3,ChatGPT.exe,15708,1.7,1.008295931264357,Normal
1751954195,10.0,79.3,python.exe,16452,7.5,0.4809908488879021,Normal
1751954195,10.0,79.3,dwm.exe,18536,14.0,1.169198592047302,Normal
1751954195,10.0,79.3,Spotify.exe,25136,1.2,1.6366700380526449,Normal
1751954195,10.0,79.3,Code.exe,27800,1.0,1.7685749098263082,Normal
1751954195,10.0,79.3,msedgewebview2.exe,28996,22.7,0.2926624226866706,Normal
1751954195,10.0,79.3,msedgewebview2.exe,29216,4.1,0.5989893581258383,Normal
1751954202,12.2,79.3,System Idle Process,0,701.5,4.836995664600786e-05,High Process Usage
1751954202,12.2,79.3,System,4,5.8,0.0491680609306669,Normal
1751954202,12.2,79.3,svchost.exe,2192,1.2,0.0480071819711628,Normal
1751954202,12.2,79.3,MsMpEng.exe,5904,4.8,1.7486223027098302,Normal
1751954202,12.2,79.3,Code.exe,15620,1.0,0.7093212292353822,Normal
1751954202,12.2,79.3,ChatGPT.exe,15708,2.7,1.008295931264357,Normal
1751954202,12.2,79.3,python.exe,16452,7.2,0.4809908488879021,Normal
1751954202,12.2,79.3,chrome.exe,16732,5.6,1.2543055307659527,Normal
1751954202,12.2,79.3,explorer.exe,18404,1.2,2.4084368813180235,Normal
1751954202,12.2,79.3,dwm.exe,18536,15.7,1.169222777025625,Normal
1751954202,12.2,79.3,WmiPrvSE.exe,18728,1.4,0.0875254365509512,Normal
1751954202,12.2,79.3,Spotify.exe,25136,2.9,1.636742592987614,Normal
1751954202,12.2,79.3,Spotify.exe,25920,1.7,2.480677411568836,Normal
1751954202,12.2,79.3,Code.exe,27800,1.4,1.785649504522349,Normal
1751954202,12.2,79.3,msedgewebview2.exe,28996,20.7,0.3095919075127733,Normal
1751954202,12.2,79.3,msedgewebview2.exe,29216,4.3,0.6043826082918682,Normal
1751954208,15.7,79.2,System Idle Process,0,697.8,4.836995664600786e-05,High Process Usage
1751954208,15.7,79.2,System,4,7.2,0.0491680609306669,Normal
1751954208,15.7,79.2,mysqld.exe,1044,1.0,0.0232175791900837,Normal
1751954208,15.7,79.2,WhatsApp.exe,1748,1.0,1.606293705278952,Normal
1751954208,15.7,79.2,svchost.exe,2708,1.0,0.055915669882785,Normal
1751954208,15.7,79.2,svchost.exe,4632,1.0,0.086558037418031,Normal
1751954208,15.7,79.2,MsMpEng.exe,5904,5.5,1.7310881934256523,Normal
1751954208,15.7,79.2,Code.exe,12184,1.2,1.643514386918055,Normal
1751954208,15.7,79.2,ChatGPT.exe,15708,2.2,1.008295931264357,Normal
1751954208,15.7,79.2,python.exe,16452,7.5,0.4810150338662251,Normal
1751954208,15.7,79.2,dwm.exe,18536,14.9,1.169198592047302,Normal
1751954208,15.7,79.2,WmiPrvSE.exe,18728,1.0,0.0875254365509512,Normal
1751954208,15.7,79.2,Code.exe,27800,5.8,1.7309430835557142,Normal
1751954208,15.7,79.2,Code.exe,28292,1.0,0.972381238454696,Normal
1751954208,15.7,79.2,msedgewebview2.exe,28996,22.4,0.3100030521442644,Normal
1751954208,15.7,79.2,msedgewebview2.exe,29216,5.1,0.5995697976055904,Normal
1751954215,7.9,79.2,System Idle Process,0,721.2,4.836995664600786e-05,High Process Usage
1751954215,7.9,79.2,System,4,3.9,0.0491680609306669,Normal
1751954215,7.9,79.2,MsMpEng.exe,5904,2.4,1.7350303448923017,Normal
1751954215,7.9,79.2,Code.exe,12184,1.0,1.643103242286564,Normal
1751954215,7.9,79.2,ChatGPT.exe,15708,1.4,1.008295931264357,Normal
1751954215,7.9,79.2,python.exe,16452,7.0,0.4810150338662251,Normal
1751954215,7.9,79.2,dwm.exe,18536,14.2,1.169198592047302,Normal
1751954215,7.9,79.2,Spotify.exe,25136,1.0,1.636815147922583,Normal
1751954215,7.9,79.2,Code.exe,27800,1.7,1.73074960372913,Normal
1751954215,7.9,79.2,msedgewebview2.exe,28996,21.5,0.3132680242178699,Normal
1751954215,7.9,79.2,msedgewebview2.exe,29216,3.6,0.6004404568252185,Normal
1751954221,9.7,79.3,System Idle Process,0,712.5,4.836995664600786e-05,High Process Usage
1751954221,9.7,79.3,System,4,4.8,0.0491680609306669,Normal
1751954221,9.7,79.3,svchost.exe,5420,1.2,0.264994807485154,Normal
1751954221,9.7,79.3,MsMpEng.exe,5904,4.8,1.7421407285192652,Normal
1751954221,9.7,79.3,ChatGPT.exe,15708,1.5,1.0081750063727415,Normal
1751954221,9.7,79.3,python.exe,16452,7.5,0.4810150338662251,Normal
1751954221,9.7,79.3,explorer.exe,18404,2.2,2.408775471014545,Normal
1751954221,9.7,79.3,dwm.exe,18536,14.3,1.169246962003948,Normal
1751954221,9.7,79.3,WmiPrvSE.exe,18728,1.2,0.0875496215292742,Normal
1751954221,9.7,79.3,Spotify.exe,25136,1.7,1.6367184080092907,Normal
1751954221,9.7,79.3,Code.exe,27800,1.7,1.736674923418266,Normal
1751954221,9.7,79.3,Code.exe,28292,1.0,0.972453793389665,Normal
1751954221,9.7,79.3,msedgewebview2.exe,28996,21.9,0.3133889491094849,Normal
1751954221,9.7,79.3,msedgewebview2.exe,29216,3.1,0.5995214276489443,Normal
1751954228,10.7,79.3,System Idle Process,0,705.1,4.836995664600786e-05,High Process Usage
1751954228,10.7,79.3,System,4,3.6,0.0491680609306669,Normal
1751954228,10.7,79.3,mysqld.exe,1044,1.4,0.0232175791900837,Normal
1751954228,10.7,79.3,MsMpEng.exe,5904,4.5,1.7831826367334027,Normal
1751954228,10.7,79.3,Code.exe,6032,2.6,1.1462470476187712,Normal
1751954228,10.7,79.3,ChatGPT.exe,15708,2.1,1.0083926711776487,Normal
1751954228,10.7,79.3,python.exe,16452,8.1,0.4810150338662251,Normal
1751954228,10.7,79.3,explorer.exe,18404,1.4,2.408775471014545,Normal
1751954228,10.7,79.3,dwm.exe,18536,15.5,1.169150222090656,Normal
1751954228,10.7,79.3,WmiPrvSE.exe,18728,1.2,0.0875254365509512,Normal
1751954228,10.7,79.3,Spotify.exe,25136,1.0,1.636839332900906,Normal
1751954228,10.7,79.3,Code.exe,27800,6.4,1.7414393641478978,Normal
1751954228,10.7,79.3,msedgewebview2.exe,28996,18.9,0.313775908762653,Normal
1751954228,10.7,79.3,msedgewebview2.exe,29216,3.8,0.6012385611098777,Normal
1751954234,11.8,79.3,System Idle Process,0,705.5,4.836995664600786e-05,High Process Usage
1751954234,11.8,79.3,System,4,3.1,0.0491922459089899,Normal
1751954234,11.8,79.3,MsMpEng.exe,5904,5.1,1.7890837714442158,Normal
1751954234,11.8,79.3,Code.exe,6032,1.2,1.156283813622818,Normal
1751954234,11.8,79.3,ChatGPT.exe,15708,2.2,1.0083684861993258,Normal
1751954234,11.8,79.3,python.exe,16452,7.5,0.4810150338662251,Normal
1751954234,11.8,79.3,explorer.exe,18404,1.0,2.408775471014545,Normal
1751954234,11.8,79.3,dwm.exe,18536,12.8,1.169246962003948,Normal
1751954234,11.8,79.3,WmiPrvSE.exe,18728,1.7,0.0875254365509512,Normal
1751954234,11.8,79.3,Spotify.exe,25136,1.7,1.636694223030968,Normal
1751954234,11.8,79.3,Spotify.exe,25920,7.0,2.468923512103856,Normal
1751954234,11.8,79.3,Code.exe,27800,1.7,1.747775828468525,Normal
1751954234,11.8,79.3,msedgewebview2.exe,28996,18.3,0.313800093740976,Normal
1751954234,11.8,79.3,msedgewebview2.exe,29216,4.3,0.6023994400693818,Normal
1751954241,12.5,79.2,System Idle Process,0,690.6,4.836995664600786e-05,High Process Usage
1751954241,12.5,79.2,System,4,3.4,0.0491922459089899,Normal
1751954241,12.5,79.2,WhatsApp.exe,1748,1.0,1.606366260213921,Normal
1751954241,12.5,79.2,MsMpEng.exe,5904,5.6,1.7526128241331258,Normal
1751954241,12.5,79.2,Code.exe,6032,1.0,1.169392071873886,Normal
1751954241,12.5,79.2,Code.exe,12184,1.0,1.64339346202644,Normal
1751954241,12.5,79.2,ChatGPT.exe,15708,1.7,1.0083926711776487,Normal
1751954241,12.5,79.2,python.exe,16452,7.2,0.4810150338662251,Normal
1751954241,12.5,79.2,chrome.exe,17508,18.8,1.4822489514602648,Normal
1751954241,12.5,79.2,explorer.exe,18404,2.9,2.408775471014545,Normal
1751954241,12.5,79.2,dwm.exe,18536,15.3,1.169126037112333,Normal
1751954241,12.5,79.2,WmiPrvSE.exe,18728,1.2,0.0875254365509512,Normal
1751954241,12.5,79.2,Spotify.exe,25136,1.0,1.6367184080092907,Normal
1751954241,12.5,79.2,Code.exe,27800,1.9,1.7493236670811971,Normal
1751954241,12.5,79.2,msedgewebview2.exe,28996,22.2,0.314307978285759,Normal
1751954241,12.5,79.2,msedgewebview2.exe,29216,5.1,0.6040682035736692,Normal
1751954247,11.0,79.1,System Idle Process,0,717.1,4.836995664600786e-05,High Process Usage
1751954247,11.0,79.1,System,4,2.4,0.0491922459089899,Normal
1751954247,11.0,79.1,svchost.exe,4632,1.0,0.0845264992388987,Normal
1751954247,11.0,79.1,MsMpEng.exe,5904,4.1,1.7198179935271325,Normal
1751954247,11.0,79.1,Code.exe,6032,1.0,1.156404738514433,Normal
1751954247,11.0,79.1,ChatGPT.exe,15708,2.9,1.008416856155972,Normal
1751954247,11.0,79.1,python.exe,16452,7.2,0.4810150338662251,Normal
1751954247,11.0,79.1,explorer.exe,18404,1.9,2.405703978767524,Normal
1751954247,11.0,79.1,dwm.exe,18536,13.3,1.169222777025625,Normal
1751954247,11.0,79.1,WmiPrvSE.exe,18728,1.0,0.0875496215292742,Normal
1751954247,11.0,79.1,Code.exe,27800,1.4,1.755611761445178,Normal
1751954247,11.0,79.1,msedgewebview2.exe,28996,18.4,0.3145740130473121,Normal
1751954247,11.0,79.1,msedgewebview2.exe,29216,5.1,0.6141049695777158,Normal
1751954254,11.8,79.2,System Idle Process,0,718.8,4.836995664600786e-05,High Process Usage
1751954254,11.8,79.2,System,4,3.4,0.0491922459089899,Normal
1751954254,11.8,79.2,svchost.exe,2708,1.0,0.0547547909232808,Normal
1751954254,11.8,79.2,MsMpEng.exe,5904,4.3,1.7396738607303186,Normal
1751954254,11.8,79.2,Code.exe,6032,1.0,1.1560419638395878,Normal
1751954254,11.8,79.2,ChatGPT.exe,15708,1.4,1.008295931264357,Normal
1751954254,11.8,79.2,python.exe,16452,7.0,0.4810150338662251,Normal
1751954254,11.8,79.2,dwm.exe,18536,11.8,1.169246962003948,Normal
1751954254,11.8,79.2,msedgewebview2.exe,28996,18.4,0.3145740130473121,Normal
1751954254,11.8,79.2,msedgewebview2.exe,29216,4.6,0.615241663558897,Normal
1751954260,8.8,79.3,System Idle Process,0,711.3,4.836995664600786e-05,High Process Usage
1751954260,8.8,79.3,System,4,3.6,0.0491922459089899,Normal
1751954260,8.8,79.3,mysqld.exe,1044,1.2,0.0232175791900837,Normal
1751954260,8.8,79.3,svchost.exe,4632,1.0,0.0826642559080274,Normal
1751954260,8.8,79.3,MsMpEng.exe,5904,2.2,1.7470744640971578,Normal
1751954260,8.8,79.3,Code.exe,12184,4.3,1.6711336321629255,Normal
1751954260,8.8,79.3,ChatGPT.exe,15708,1.9,1.008416856155972,Normal
1751954260,8.8,79.3,python.exe,16452,7.5,0.4810392188445481,Normal
1751954260,8.8,79.3,explorer.exe,18404,1.9,2.404131955176529,Normal
1751954260,8.8,79.3,dwm.exe,18536,12.3,1.169126037112333,Normal
1751954260,8.8,79.3,WmiPrvSE.exe,18728,1.2,0.0874286966376592,Normal
1751954260,8.8,79.3,Spotify.exe,25136,1.7,1.636452373247738,Normal
1751954260,8.8,79.3,Code.exe,27800,2.4,1.7645602034246897,Normal
1751954260,8.8,79.3,msedgewebview2.exe,28996,22.5,0.3150093426571262,Normal
1751954260,8.8,79.3,msedgewebview2.exe,29216,3.9,0.6164992824316932,Normal
1751954267,8.9,79.3,System Idle Process,0,709.7,4.836995664600786e-05,High Process Usage
1751954267,8.9,79.3,System,4,4.6,0.0491922459089899,Normal
1751954267,8.9,79.3,mysqld.exe,1044,1.0,0.0232175791900837,Normal
1751954267,8.9,79.3,svchost.exe,2192,1.0,0.0478137021445787,Normal
1751954267,8.9,79.3,MsMpEng.exe,5904,3.9,1.754063922832506,Normal
1751954267,8.9,79.3,Code.exe,6032,1.4,1.1663689495835106,Normal
1751954267,8.9,79.3,Code.exe,12184,1.9,1.68131550803691,Normal
1751954267,8.9,79.3,EXCEL.EXE,15444,1.4,1.5210174717120402,Normal
1751954267,8.9,79.3,ChatGPT.exe,15708,2.2,1.008416856155972,Normal
1751954267,8.9,79.3,python.exe,16452,7.5,0.4810392188445481,Normal
1751954267,8.9,79.3,explorer.exe,18404,1.9,2.399464254360189,Normal
1751954267,8.9,79.3,dwm.exe,18536,13.1,1.169271146982271,Normal
1751954267,8.9,79.3,WmiPrvSE.exe,18728,1.2,0.0874770665943052,Normal
1751954267,8.9,79.3,Spotify.exe,25136,1.9,1.636452373247738,Normal
1751954267,8.9,79.3,Code.exe,27800,1.4,1.7695423089592284,Normal
1751954267,8.9,79.3,msedgewebview2.exe,28996,25.8,0.3151786375053872,Normal
1751954267,8.9,79.3,msedgewebview2.exe,29216,5.5,0.6182889708275955,Normal
1751954273,23.2,79.2,System Idle Process,0,696.3,4.836995664600786e-05,High Process Usage
1751954273,23.2,79.2,System,4,4.1,0.0491922459089899,Normal
1751954273,23.2,79.2,services.exe,1128,1.2,0.04967594547545,Normal
1751954273,23.2,79.2,svchost.exe,2708,1.0,0.0560365947744001,Normal
1751954273,23.2,79.2,MsMpEng.exe,5904,7.4,1.7244373243868265,Normal
1751954273,23.2,79.2,Code.exe,6032,2.6,1.1798883524660695,Normal
1751954273,23.2,79.2,ChatGPT.exe,15708,1.4,1.008416856155972,Normal
1751954273,23.2,79.2,python.exe,16452,7.9,0.4810875888011942,Normal
1751954273,23.2,79.2,explorer.exe,18404,2.6,2.400262358644848,Normal
1751954273,23.2,79.2,dwm.exe,18536,17.1,1.1716412748579252,Normal
1751954273,23.2,79.2,WUDFHost.exe,20944,1.4,0.0399052142329564,Normal
1751954273,23.2,79.2,Code.exe,27800,4.8,1.73614285389516,Normal
1751954273,23.2,79.2,msedgewebview2.exe,28996,20.8,0.3155655971585552,Normal
1751954273,23.2,79.2,msedgewebview2.exe,29216,4.5,0.6195707746787147,Normal
1751954280,9.7,79.1,System Idle Process,0,670.2,4.836995664600786e-05,High Process Usage
1751954280,9.7,79.1,System,4,5.9,0.0491922459089899,Normal
1751954280,9.7,79.1,chrome.exe,1408,3.1,1.3865731772144614,Normal
1751954280,9.7,79.1,svchost.exe,1940,1.0,0.0787704743980238,Normal
1751954280,9.7,79.1,TextInputHost.exe,3568,1.0,1.5792307145355104,Normal
1751954280,9.7,79.1,MemCompression,3644,11.9,4.665935312922179,Normal
1751954280,9.7,79.1,MsMpEng.exe,5904,1.9,1.7320314075802492,Normal
1751954280,9.7,79.1,Code.exe,6032,3.3,1.157952577127105,Normal
1751954280,9.7,79.1,chrome.exe,9440,4.8,1.5693148734230788,Normal
1751954280,9.7,79.1,ChatGPT.exe,15708,2.6,1.0080540814811267,Normal
1751954280,9.7,79.1,python.exe,16452,7.7,0.4810875888011942,Normal
1751954280,9.7,79.1,chrome.exe,17508,9.6,1.5744662738058788,Normal
1751954280,9.7,79.1,explorer.exe,18404,5.0,2.401181387821122,Normal
1751954280,9.7,79.1,dwm.exe,18536,24.0,1.225718886388162,Normal
1751954280,9.7,79.1,WmiPrvSE.exe,18728,1.0,0.0874770665943052,Normal
1751954280,9.7,79.1,Code.exe,18856,1.0,0.9732035277176782,Normal
1751954280,9.7,79.1,WUDFHost.exe,20944,2.6,0.0400261391245715,Normal
1751954280,9.7,79.1,Code.exe,27800,2.4,1.7507505808022543,Normal
1751954280,9.7,79.1,msedgewebview2.exe,28996,15.5,0.3155414121802322,Normal
1751954280,9.7,79.1,msedgewebview2.exe,29216,1.7,0.6170797219114452,Normal
1751954286,19.0,79.3,System Idle Process,0,680.2,4.836995664600786e-05,High Process Usage
1751954286,19.0,79.3,System,4,4.3,0.0491922459089899,Normal
1751954286,19.0,79.3,chrome.exe,1408,6.9,1.5284422600572023,Normal
1751954286,19.0,79.3,MsMpEng.exe,5904,3.7,1.7406896298198848,Normal
1751954286,19.0,79.3,Code.exe,6032,2.6,1.0539329853598651,Normal
1751954286,19.0,79.3,chrome.exe,9440,7.7,1.5907427642172605,Normal
1751954286,19.0,79.3,ChatGPT.exe,15708,3.5,1.008416856155972,Normal
1751954286,19.0,79.3,python.exe,16452,10.3,0.4810875888011942,Normal
1751954286,19.0,79.3,chrome.exe,17508,15.3,1.662330300053352,Normal
1751954286,19.0,79.3,explorer.exe,18404,2.3,2.402197156910688,Normal
1751954286,19.0,79.3,dwm.exe,18536,16.1,1.163079792531582,Normal
1751954286,19.0,79.3,chrome.exe,19528,2.6,0.4163202168521897,Normal
1751954286,19.0,79.3,msedge.exe,21876,1.2,1.1130168874029638,Normal
1751954286,19.0,79.3,Code.exe,27800,2.3,1.741173329386345,Normal
1751954286,19.0,79.3,msedgewebview2.exe,28996,16.5,0.3160251117466923,Normal
1751954286,19.0,79.3,msedgewebview2.exe,29216,4.9,0.6163783575400782,Normal
1751954293,11.0,79.6,System Idle Process,0,661.5,4.836995664600786e-05,High Process Usage
1751954293,11.0,79.6,System,4,20.0,0.0491922459089899,Normal
1751954293,11.0,79.6,chrome.exe,1408,7.0,1.495502319581271,Normal
1751954293,11.0,79.6,svchost.exe,1940,4.2,0.0787704743980238,Normal
1751954293,11.0,79.6,svchost.exe,4632,1.2,0.0827609958213194,Normal
1751954293,11.0,79.6,MsMpEng.exe,5904,3.5,1.7386339066624297,Normal
1751954293,11.0,79.6,Code.exe,6032,1.7,1.0011129927024247,Normal
1751954293,11.0,79.6,chrome.exe,9440,13.2,1.583487270720359,Normal
1751954293,11.0,79.6,python.exe,16452,9.2,0.4810875888011942,Normal
1751954293,11.0,79.6,chrome.exe,16732,4.0,1.3272474253881328,Normal
1751954293,11.0,79.6,chrome.exe,17508,1.4,1.6637088438177634,Normal
1751954293,11.0,79.6,dwm.exe,18536,12.9,1.1440462145913777,Normal
1751954293,11.0,79.6,chrome.exe,20616,7.5,0.7254042398201799,Normal
1751954293,11.0,79.6,msedge.exe,21876,1.2,1.1107434994406016,Normal
1751954293,11.0,79.6,Spotify.exe,25136,1.2,1.6364281882694147,Normal
1751954293,11.0,79.6,Code.exe,27800,1.2,1.7433741624137382,Normal
1751954293,11.0,79.6,msedgewebview2.exe,28996,13.2,0.3162911465082454,Normal
1751954293,11.0,79.6,msedgewebview2.exe,29216,1.7,0.6172490167597063,Normal
1751954300,9.5,79.3,System Idle Process,0,696.9,4.836995664600786e-05,High Process Usage
1751954300,9.5,79.3,System,4,5.0,0.0491922459089899,Normal
1751954300,9.5,79.3,chrome.exe,1408,1.2,1.3386869201349134,Normal
1751954300,9.5,79.3,svchost.exe,1940,5.7,0.0787704743980238,Normal
1751954300,9.5,79.3,MsMpEng.exe,5904,1.7,1.716915796128372,Normal
1751954300,9.5,79.3,Code.exe,6032,2.4,1.0011371776807476,Normal
1751954300,9.5,79.3,chrome.exe,9440,6.2,1.5797869690369395,Normal
1751954300,9.5,79.3,ChatGPT.exe,15708,1.9,1.008416856155972,Normal
1751954300,9.5,79.3,python.exe,16452,8.8,0.4810875888011942,Normal
1751954300,9.5,79.3,explorer.exe,18404,1.9,2.4024390066939185,Normal
1751954300,9.5,79.3,dwm.exe,18536,14.3,1.1441429545046695,Normal
1751954300,9.5,79.3,WmiPrvSE.exe,18728,1.2,0.0868966271145531,Normal
1751954300,9.5,79.3,chrome.exe,20616,3.3,0.7186082609114157,Normal
1751954300,9.5,79.3,WUDFHost.exe,20944,2.9,0.0400261391245715,Normal
1751954300,9.5,79.3,msedge.exe,21876,1.2,1.1107434994406016,Normal
1751954300,9.5,79.3,msedgewebview2.exe,28996,16.4,0.3165329962914754,Normal
1751954300,9.5,79.3,msedgewebview2.exe,29216,3.1,0.6188694103073475,Normal
1751954306,9.6,79.2,System Idle Process,0,700.0,4.836995664600786e-05,High Process Usage
1751954306,9.6,79.2,System,4,1.7,0.0491922459089899,Normal
1751954306,9.6,79.2,svchost.exe,1940,2.1,0.0787704743980238,Normal
1751954306,9.6,79.2,MsMpEng.exe,5904,2.1,1.710264927089546,Normal
1751954306,9.6,79.2,Code.exe,6032,1.4,1.0011371776807476,Normal
1751954306,9.6,79.2,chrome.exe,9440,2.6,1.5798837089502318,Normal
1751954306,9.6,79.2,EXCEL.EXE,15444,3.5,1.5211867665603012,Normal
1751954306,9.6,79.2,ChatGPT.exe,15708,2.6,1.008416856155972,Normal
1751954306,9.6,79.2,python.exe,16452,9.2,0.4810875888011942,Normal
1751954306,9.6,79.2,explorer.exe,18404,1.7,2.4024631916722416,Normal
1751954306,9.6,79.2,dwm.exe,18536,13.5,1.1439252896997627,Normal
1751954306,9.6,79.2,chrome.exe,20616,6.4,0.7258879393866399,Normal
1751954306,9.6,79.2,WUDFHost.exe,20944,1.9,0.0400261391245715,Normal
1751954306,9.6,79.2,Spotify.exe,25136,1.2,1.6364281882694147,Normal
1751954306,9.6,79.2,Code.exe,27800,1.4,1.7425760581290792,Normal
1751954306,9.6,79.2,msedgewebview2.exe,28996,18.2,0.3165813662481214,Normal
1751954306,9.6,79.2,msedgewebview2.exe,29216,4.3,0.6204898038549889,Normal
1751954313,9.1,79.2,System Idle Process,0,711.6,4.836995664600786e-05,High Process Usage
1751954313,9.1,79.2,System,4,2.8,0.0491922459089899,Normal
1751954313,9.1,79.2,svchost.exe,1940,1.7,0.0787704743980238,Normal
1751954313,9.1,79.2,MsMpEng.exe,5904,2.6,1.7221881214027863,Normal
1751954313,9.1,79.2,Code.exe,6032,3.3,1.0011613626590707,Normal
1751954313,9.1,79.2,chrome.exe,9440,4.9,1.5803190385600456,Normal
1751954313,9.1,79.2,ChatGPT.exe,15708,1.4,1.008416856155972,Normal
1751954313,9.1,79.2,python.exe,16452,9.2,0.4810875888011942,Normal
1751954313,9.1,79.2,explorer.exe,18404,1.2,2.4031645560436083,Normal
1751954313,9.1,79.2,dwm.exe,18536,13.6,1.1433932201766568,Normal
1751954313,9.1,79.2,chrome.exe,20616,4.7,0.7267102286496221,Normal
1751954313,9.1,79.2,WUDFHost.exe,20944,3.3,0.0400261391245715,Normal
1751954313,9.1,79.2,Code.exe,27800,2.6,1.7474372387720027,Normal
1751954313,9.1,79.2,msedgewebview2.exe,28996,14.4,0.3168957709663205,Normal
1751954313,9.1,79.2,msedgewebview2.exe,29216,3.8,0.621723237749462,Normal
1751954319,7.0,79.2,System Idle Process,0,702.6,4.836995664600786e-05,High Process Usage
1751954319,7.0,79.2,System,4,3.3,0.0491922459089899,Normal
1751954319,7.0,79.2,mysqld.exe,1044,1.2,0.0232175791900837,Normal
1751954319,7.0,79.2,chrome.exe,1408,2.8,1.409814941382868,Normal
1751954319,7.0,79.2,svchost.exe,1940,1.4,0.0787704743980238,Normal
1751954319,7.0,79.2,MsMpEng.exe,5904,1.7,1.7147149631009786,Normal
1751954319,7.0,79.2,Code.exe,6032,1.7,1.0011855476373936,Normal
1751954319,7.0,79.2,chrome.exe,9440,2.1,1.5792790844921565,Normal
1751954319,7.0,79.2,ChatGPT.exe,15708,2.1,1.0083201162426798,Normal
1751954319,7.0,79.2,python.exe,16452,8.6,0.4810875888011942,Normal
1751954319,7.0,79.2,explorer.exe,18404,1.4,2.4031887410219315,Normal
1751954319,7.0,79.2,dwm.exe,18536,15.6,1.1426676708269667,Normal
1751954319,7.0,79.2,WmiPrvSE.exe,18728,1.2,0.0871626618761061,Normal
1751954319,7.0,79.2,chrome.exe,20616,5.7,0.6456663662892359,Normal
1751954319,7.0,79.2,WUDFHost.exe,20944,1.2,0.0400261391245715,Normal
1751954319,7.0,79.2,Code.exe,27800,2.4,1.746808429335605,Normal
1751954319,7.0,79.2,msedgewebview2.exe,28996,16.8,0.3170408808362585,Normal
1751954319,7.0,79.2,msedgewebview2.exe,29216,4.7,0.6235371111236873,Normal
1751954326,8.0,79.2,System Idle Process,0,712.6,4.836995664600786e-05,High Process Usage
1751954326,8.0,79.2,System,4,4.0,0.0491922459089899,Normal
1751954326,8.0,79.2,MsMpEng.exe,5904,2.6,1.766664296538791,Normal
1751954326,8.0,79.2,Code.exe,6032,1.7,1.0012097326157166,Normal
1751954326,8.0,79.2,chrome.exe,9440,3.5,1.5788921248389889,Normal
1751954326,8.0,79.2,python.exe,16452,9.6,0.4811117737795171,Normal
1751954326,8.0,79.2,chrome.exe,16732,5.2,1.2570142483381292,Normal
1751954326,8.0,79.2,dwm.exe,18536,15.8,1.1429578905668427,Normal
1751954326,8.0,79.2,chrome.exe,20616,3.8,0.6552194327268225,Normal
1751954326,8.0,79.2,WUDFHost.exe,20944,1.2,0.0400261391245715,Normal
1751954326,8.0,79.2,Code.exe,27800,2.1,1.7492269271679053,Normal
1751954326,8.0,79.2,msedgewebview2.exe,28996,16.7,0.3171859907061965,Normal
1751954326,8.0,79.2,msedgewebview2.exe,29216,4.7,0.6251091347146825,Normal
1751954333,12.3,79.3,System Idle Process,0,710.4,4.836995664600786e-05,High Process Usage
1751954333,12.3,79.3,System,4,2.4,0.0491922459089899,Normal
1751954333,12.3,79.3,chrome.exe,1408,1.9,1.4268411661222629,Normal
1751954333,12.3,79.3,MsMpEng.exe,5904,2.4,1.7762899179113465,Normal
1751954333,12.3,79.3,Code.exe,6032,2.1,1.0012339175940397,Normal
1751954333,12.3,79.3,chrome.exe,9440,2.1,1.581528287476196,Normal
1751954333,12.3,79.3,ChatGPT.exe,15708,1.9,1.008295931264357,Normal
1751954333,12.3,79.3,python.exe,16452,9.6,0.4811117737795171,Normal
1751954333,12.3,79.3,explorer.exe,18404,1.4,2.403212926000254,Normal
1751954333,12.3,79.3,dwm.exe,18536,15.3,1.1485204355811336,Normal
1751954333,12.3,79.3,WmiPrvSE.exe,18728,1.2,0.0872352168110751,Normal
1751954333,12.3,79.3,chrome.exe,20616,2.4,0.6652803837091921,Normal
1751954333,12.3,79.3,Code.exe,27800,1.2,1.749154372232936,Normal
1751954333,12.3,79.3,msedgewebview2.exe,28996,17.6,0.3173311005761345,Normal
1751954333,12.3,79.3,msedgewebview2.exe,29216,5.6,0.628253181896673,Normal
1751954339,11.3,79.3,System Idle Process,0,690.3,4.836995664600786e-05,High Process Usage
1751954339,11.3,79.3,System,4,4.5,0.0491922459089899,Normal
1751954339,11.3,79.3,chrome.exe,1408,8.9,1.4350156887954382,Normal
1751954339,11.3,79.3,Code.exe,6032,2.8,1.0012339175940397,Normal
1751954339,11.3,79.3,chrome.exe,9440,2.8,1.581383177606258,Normal
1751954339,11.3,79.3,ChatGPT.exe,15708,1.4,1.008295931264357,Normal
1751954339,11.3,79.3,python.exe,16452,9.7,0.4811117737795171,Normal
1751954339,11.3,79.3,dwm.exe,18536,16.7,1.1455214982690811,Normal
1751954339,11.3,79.3,chrome.exe,20616,5.4,0.6764054737377739,Normal
1751954339,11.3,79.3,Code.exe,27800,2.6,1.7497348117126883,Normal
1751954339,11.3,79.3,msedgewebview2.exe,28996,18.2,0.3172343606628425,Normal
1751954339,11.3,79.3,msedgewebview2.exe,29216,4.5,0.6293656908995312,Normal
1751954346,10.9,79.3,System Idle Process,0,719.3,4.836995664600786e-05,High Process Usage
1751954346,10.9,79.3,System,4,4.2,0.0491922459089899,Normal
1751954346,10.9,79.3,MsMpEng.exe,5904,2.6,1.766930331300344,Normal
1751954346,10.9,79.3,Code.exe,6032,2.6,1.0017901720954687,Normal
1751954346,10.9,79.3,chrome.exe,9440,4.5,1.583003571153899,Normal
1751954346,10.9,79.3,ChatGPT.exe,15708,2.6,1.008295931264357,Normal
1751954346,10.9,79.3,python.exe,16452,9.4,0.4811117737795171,Normal
1751954346,10.9,79.3,dwm.exe,18536,14.2,1.1501166441504518,Normal
1751954346,10.9,79.3,Code.exe,18856,1.4,0.9748964762002884,Normal
1751954346,10.9,79.3,chrome.exe,20616,1.4,0.677251947979079,Normal
1751954346,10.9,79.3,Code.exe,27800,3.5,1.759312063128598,Normal
1751954346,10.9,79.3,msedgewebview2.exe,28996,18.8,0.3175971353376876,Normal
1751954346,10.9,79.3,msedgewebview2.exe,29216,5.4,0.6313246741436945,Normal
1751954353,13.1,79.6,System Idle Process,0,680.7,4.836995664600786e-05,High Process Usage
1751954353,13.1,79.6,System,4,4.9,0.0491922459089899,Normal
1751954353,13.1,79.6,chrome.exe,1408,5.4,1.668497469525718,Normal
1751954353,13.1,79.6,svchost.exe,1940,2.8,0.0786737344847317,Normal
1751954353,13.1,79.6,MsMpEng.exe,5904,1.2,1.7703404132438876,Normal
1751954353,13.1,79.6,Code.exe,6032,2.8,1.0287322379472952,Normal
1751954353,13.1,79.6,chrome.exe,9440,8.0,1.580972032974767,Normal
1751954353,13.1,79.6,ChatGPT.exe,15708,2.8,1.0083443012210027,Normal
1751954353,13.1,79.6,python.exe,16452,8.7,0.4811117737795171,Normal
1751954353,13.1,79.6,chrome.exe,17508,9.7,1.593185447027884,Normal
1751954353,13.1,79.6,explorer.exe,18404,1.7,2.403478960761808,Normal
1751954353,13.1,79.6,dwm.exe,18536,16.5,1.1461744926838022,Normal
1751954353,13.1,79.6,WUDFHost.exe,20944,1.4,0.0400261391245715,Normal
1751954353,13.1,79.6,Code.exe,27800,3.3,1.7600134274999648,Normal
1751954353,13.1,79.6,msedgewebview2.exe,28996,16.3,0.3176455052943336,Normal
1751954353,13.1,79.6,msedgewebview2.exe,29216,4.0,0.6326548479514598,Normal
1751954359,25.3,77.9,System Idle Process,0,661.6,4.836995664600786e-05,High Process Usage
1751954359,25.3,77.9,System,4,8.7,0.0491922459089899,Normal
1751954359,25.3,77.9,chrome.exe,1408,3.3,1.501983893771836,Normal
1751954359,25.3,77.9,svchost.exe,1940,1.4,0.0785769945714397,Normal
1751954359,25.3,77.9,svchost.exe,3412,8.7,0.0503531248684941,Normal
1751954359,25.3,77.9,MemCompression,3644,20.2,5.701390974843269,Normal
1751954359,25.3,77.9,MsMpEng.exe,5904,2.3,1.754862027117165,Normal
1751954359,25.3,77.9,Code.exe,6032,1.4,0.8894025778284695,Normal
1751954359,25.3,77.9,chrome.exe,9440,7.0,1.5648406524333234,Normal
1751954359,25.3,77.9,ChatGPT.exe,15708,1.4,1.006989942434915,Normal
1751954359,25.3,77.9,python.exe,16452,9.9,0.4811117737795171,Normal
1751954359,25.3,77.9,chrome.exe,17508,15.7,1.6006586053296925,Normal
1751954359,25.3,77.9,dwm.exe,18536,13.6,1.132292315126398,Normal
1751954359,25.3,77.9,WUDFHost.exe,20944,2.4,0.0398568442763104,Normal
1751954359,25.3,77.9,msedge.exe,21876,1.2,1.10815570676004,Normal
1751954359,25.3,77.9,Code.exe,27800,1.4,1.6698518283118062,Normal
1751954359,25.3,77.9,msedgewebview2.exe,28996,15.1,0.3177180602293026,Normal
1751954359,25.3,77.9,msedgewebview2.exe,29216,2.6,0.633815726910964,Normal
1751954366,11.5,77.4,System Idle Process,0,688.7,4.836995664600786e-05,High Process Usage
1751954366,11.5,77.4,System,4,5.0,0.0491922459089899,Normal
1751954366,11.5,77.4,chrome.exe,1408,3.8,1.371941265329044,Normal
1751954366,11.5,77.4,svchost.exe,1940,1.7,0.0785769945714397,Normal
1751954366,11.5,77.4,MemCompression,3644,1.6,5.787296017846579,Normal
1751954366,11.5,77.4,MsMpEng.exe,5904,1.2,1.7474856087286488,Normal
1751954366,11.5,77.4,Code.exe,6032,2.6,0.8894025778284695,Normal
1751954366,11.5,77.4,chrome.exe,9440,6.6,1.563292813820651,Normal
1751954366,11.5,77.4,ChatGPT.exe,15708,1.4,1.0066513527383925,Normal
1751954366,11.5,77.4,python.exe,16452,9.0,0.4811117737795171,Normal
1751954366,11.5,77.4,chrome.exe,17508,15.6,1.607768988956655,Normal
1751954366,11.5,77.4,explorer.exe,18404,1.4,2.2786119176801383,Normal
1751954366,11.5,77.4,dwm.exe,18536,15.3,1.1341545584572692,Normal
1751954366,11.5,77.4,WmiPrvSE.exe,18728,1.2,0.0871626618761061,Normal
1751954366,11.5,77.4,WUDFHost.exe,20944,3.3,0.0398568442763104,Normal
1751954366,11.5,77.4,Code.exe,27800,3.1,1.6715447767944165,Normal
1751954366,11.5,77.4,msedgewebview2.exe,28996,15.3,0.3176938752509796,Normal
1751954366,11.5,77.4,msedgewebview2.exe,29216,4.7,0.6456179963325899,Normal
1751954372,16.2,77.5,System Idle Process,0,660.5,4.836995664600786e-05,High Process Usage
1751954372,16.2,77.5,System,4,4.5,0.0491922459089899,Normal
1751954372,16.2,77.5,chrome.exe,1408,1.4,1.4038412517370862,Normal
1751954372,16.2,77.5,WhatsApp.exe,1748,1.2,1.6051328263194478,Normal
1751954372,16.2,77.5,MsMpEng.exe,5904,5.2,1.712514130073585,Normal
1751954372,16.2,77.5,Code.exe,6032,7.3,1.05211911198564,Normal
1751954372,16.2,77.5,chrome.exe,9440,2.1,1.564018363170341,Normal
1751954372,16.2,77.5,Code.exe,12184,1.7,1.446310073672281,Normal
1751954372,16.2,77.5,ChatGPT.exe,15708,3.6,1.0070141274132376,Normal
1751954372,16.2,77.5,python.exe,16452,8.1,0.4811117737795171,Normal
1751954372,16.2,77.5,explorer.exe,18404,4.0,2.27967605672635,Normal
1751954372,16.2,77.5,dwm.exe,18536,18.7,1.1354847322650343,Normal
1751954372,16.2,77.5,Code.exe,18856,4.3,0.8828242637246124,Normal
1751954372,16.2,77.5,WUDFHost.exe,20944,3.1,0.0398568442763104,Normal
1751954372,16.2,77.5,msedge.exe,21876,1.4,1.10815570676004,Normal
1751954372,16.2,77.5,Code.exe,27800,21.6,1.6704564527698813,Normal
1751954372,16.2,77.5,Code.exe,28292,1.0,0.818226186623869,Normal
1751954372,16.2,77.5,msedgewebview2.exe,28996,15.0,0.3180808349041477,Normal
1751954372,16.2,77.5,msedgewebview2.exe,29216,5.2,0.6473351297935231,Normal
1751954379,14.7,77.8,System Idle Process,0,677.2,4.836995664600786e-05,High Process Usage
1751954379,14.7,77.8,System,4,5.5,0.0491922459089899,Normal
1751954379,14.7,77.8,svchost.exe,1940,1.7,0.0785528095931167,Normal
1751954379,14.7,77.8,MsMpEng.exe,5904,5.8,1.766204781950654,Normal
1751954379,14.7,77.8,Code.exe,6032,3.1,1.0396638481492928,Normal
1751954379,14.7,77.8,chrome.exe,9440,1.4,1.563244443864005,Normal
1751954379,14.7,77.8,Code.exe,12184,1.4,1.4478820972632762,Normal
1751954379,14.7,77.8,Spotify.exe,12216,1.2,0.2639306684389419,Normal
1751954379,14.7,77.8,ChatGPT.exe,15708,1.2,1.0070141274132376,Normal
1751954379,14.7,77.8,python.exe,16452,7.2,0.4811117737795171,Normal
1751954379,14.7,77.8,explorer.exe,18404,4.1,2.2802564962061025,Normal
1751954379,14.7,77.8,dwm.exe,18536,20.7,1.139547808623299,Normal
1751954379,14.7,77.8,WmiPrvSE.exe,18728,1.4,0.0874528816159822,Normal
1751954379,14.7,77.8,Code.exe,18856,2.7,0.8830177435511964,Normal
1751954379,14.7,77.8,WUDFHost.exe,20944,2.2,0.0398568442763104,Normal
1751954379,14.7,77.8,msedge.exe,21876,1.7,1.10815570676004,Normal
1751954379,14.7,77.8,Spotify.exe,25136,1.4,1.636863517879229,Normal
1751954379,14.7,77.8,Code.exe,27800,6.8,1.6696099785285765,Normal
1751954379,14.7,77.8,msedgewebview2.exe,28996,18.6,0.3181292048607936,Normal
1751954379,14.7,77.8,msedgewebview2.exe,29216,3.9,0.6487620435145804,Normal
1751954385,8.2,77.7,System Idle Process,0,703.3,4.836995664600786e-05,High Process Usage
1751954385,8.2,77.7,System,4,4.6,0.0491922459089899,Normal
1751954385,8.2,77.7,MsMpEng.exe,5904,4.6,1.7736537552741392,Normal
1751954385,8.2,77.7,Code.exe,6032,1.9,1.0118027531211924,Normal
1751954385,8.2,77.7,chrome.exe,9440,1.2,1.56288166918916,Normal
1751954385,8.2,77.7,EXCEL.EXE,15444,1.0,1.5191794133594918,Normal
1751954385,8.2,77.7,ChatGPT.exe,15708,3.1,1.0070141274132376,Normal
1751954385,8.2,77.7,python.exe,16452,7.2,0.4811117737795171,Normal
1751954385,8.2,77.7,explorer.exe,18404,2.2,2.2803290511410714,Normal
1751954385,8.2,77.7,dwm.exe,18536,18.4,1.138677149403671,Normal
1751954385,8.2,77.7,WmiPrvSE.exe,18728,1.0,0.0874528816159822,Normal
1751954385,8.2,77.7,WUDFHost.exe,20944,1.2,0.0398084743196644,Normal
1751954385,8.2,77.7,msedge.exe,21876,1.2,1.10815570676004,Normal
1751954385,8.2,77.7,Spotify.exe,25136,1.0,1.638435541470224,Normal
1751954385,8.2,77.7,Code.exe,27800,3.1,1.6779537960500124,Normal
1751954385,8.2,77.7,msedgewebview2.exe,28996,18.4,0.3182259447740857,Normal
1751954385,8.2,77.7,msedgewebview2.exe,29216,4.3,0.6503582520838986,Normal
1751954392,16.3,77.6,System Idle Process,0,684.6,4.836995664600786e-05,High Process Usage
1751954392,16.3,77.6,System,4,5.8,0.0491922459089899,Normal
1751954392,16.3,77.6,svchost.exe,2708,1.0,0.0561091497093691,Normal
1751954392,16.3,77.6,MsMpEng.exe,5904,6.2,1.8139701141385869,Normal
1751954392,16.3,77.6,Code.exe,6032,3.1,1.0162044191759791,Normal
1751954392,16.3,77.6,chrome.exe,9440,1.4,1.56288166918916,Normal
1751954392,16.3,77.6,ChatGPT.exe,15708,2.6,1.0070141274132376,Normal
1751954392,16.3,77.6,python.exe,16452,9.2,0.4811117737795171,Normal
1751954392,16.3,77.6,explorer.exe,18404,8.0,2.282795918930018,Normal
1751954392,16.3,77.6,dwm.exe,18536,17.8,1.1354121773300654,Normal
1751954392,16.3,77.6,Code.exe,18856,1.9,0.8852427615569128,Normal
1751954392,16.3,77.6,WUDFHost.exe,20944,1.2,0.0398084743196644,Normal
1751954392,16.3,77.6,Spotify.exe,25136,3.2,1.6404187096927103,Normal
1751954392,16.3,77.6,Spotify.exe,25920,2.3,2.4892388938951795,Normal
1751954392,16.3,77.6,Code.exe,27800,5.8,1.6909169444311427,Normal
1751954392,16.3,77.6,msedgewebview2.exe,28996,16.4,0.3183952396223467,Normal
1751954392,16.3,77.6,msedgewebview2.exe,29216,4.9,0.6450859268094837,Normal
1751954399,13.0,77.9,System Idle Process,0,642.5,4.836995664600786e-05,High Process Usage
1751954399,13.0,77.9,System,4,5.8,0.0491922459089899,Normal
1751954399,13.0,77.9,svchost.exe,1940,1.4,0.0785528095931167,Normal
1751954399,13.0,77.9,svchost.exe,4496,11.2,0.1634904534635065,Normal
1751954399,13.0,77.9,MsMpEng.exe,5904,4.9,1.789809320793906,Normal
1751954399,13.0,77.9,Code.exe,6032,3.3,1.0370760554687315,Normal
1751954399,13.0,77.9,Code.exe,12184,1.4,1.4484625367430284,Normal
1751954399,13.0,77.9,ChatGPT.exe,15708,2.8,1.0072076072398215,Normal
1751954399,13.0,77.9,python.exe,16452,7.8,0.4819582480208223,Normal
1751954399,13.0,77.9,explorer.exe,18404,2.6,2.282771733951695,Normal
1751954399,13.0,77.9,dwm.exe,18536,21.2,1.1475530364482134,Normal
1751954399,13.0,77.9,Code.exe,18856,1.2,0.8835739980526256,Normal
1751954399,13.0,77.9,WUDFHost.exe,20944,1.4,0.0398084743196644,Normal
1751954399,13.0,77.9,csrss.exe,21676,1.0,0.0284899044644986,Normal
1751954399,13.0,77.9,Spotify.exe,25136,2.7,1.63800021186041,Normal
1751954399,13.0,77.9,audiodg.exe,27064,5.1,0.1254232975830984,Normal
1751954399,13.0,77.9,Code.exe,27800,6.8,1.6656678270619267,Normal
1751954399,13.0,77.9,Code.exe,28292,1.0,0.8180568917756079,Normal
1751954399,13.0,77.9,msedgewebview2.exe,28996,15.2,0.3185161645139617,Normal
1751954399,13.0,77.9,msedgewebview2.exe,29216,6.3,0.6806378449442996,Normal
1751954399,13.0,77.9,ShellHost.exe,30256,6.5,0.9620542527107734,Normal
1751954405,10.9,77.9,System Idle Process,0,697.4,4.836995664600786e-05,High Process Usage
1751954405,10.9,77.9,System,4,4.8,0.0491922459089899,Normal
1751954405,10.9,77.9,WhatsApp.exe,1748,1.0,1.6085670932413143,Normal
1751954405,10.9,77.9,MsMpEng.exe,5904,3.9,1.794936536198383,Normal
1751954405,10.9,77.9,ChatGPT.exe,15708,2.7,1.0072076072398215,Normal
1751954405,10.9,77.9,python.exe,16452,7.5,0.4819824329991453,Normal
1751954405,10.9,77.9,explorer.exe,18404,2.7,2.27749940867728,Normal
1751954405,10.9,77.9,dwm.exe,18536,14.2,1.1417970116073384,Normal
1751954405,10.9,77.9,Code.exe,18856,1.0,0.8836707379659174,Normal
1751954405,10.9,77.9,Spotify.exe,25136,4.1,1.6383388015569322,Normal
1751954405,10.9,77.9,audiodg.exe,27064,5.0,0.1253265576698063,Normal
1751954405,10.9,77.9,Code.exe,27800,2.4,1.6631525893163344,Normal
1751954405,10.9,77.9,msedgewebview2.exe,28996,20.4,0.3183952396223467,Normal
1751954405,10.9,77.9,msedgewebview2.exe,29216,6.0,0.6508419516503587,Normal
1751960695,7.4,65.6,System Idle Process,0,721.9,4.836995664600786e-05,High Process Usage
1751960695,7.4,65.6,System,4,2.1,0.049821055345388,Normal
1751960695,7.4,65.6,mysqld.exe,1044,1.1,0.0235561688866058,Normal
1751960695,7.4,65.6,ChatGPT.exe,1464,1.4,2.1936259038531025,Normal
1751960695,7.4,65.6,svchost.exe,2736,1.2,0.1507449698872835,Normal
1751960695,7.4,65.6,python.exe,11276,7.4,0.4776775068576506,Normal
1751960695,7.4,65.6,ChatGPT.exe,15708,1.4,0.9390059683689506,Normal
1751960695,7.4,65.6,dwm.exe,18536,13.3,0.8336803877722685,Normal
1751960695,7.4,65.6,WmiPrvSE.exe,18728,1.2,0.09250754208549,Normal
1751960695,7.4,65.6,ChatGPT.exe,23720,3.2,0.6115897318321234,Normal
1751960695,7.4,65.6,msedgewebview2.exe,28996,25.2,0.4172150610501408,Normal
1751960695,7.4,65.6,msedgewebview2.exe,29216,5.6,0.4341929158328895,Normal
1751960701,8.7,65.5,System Idle Process,0,712.4,4.836995664600786e-05,High Process Usage
1751960701,8.7,65.5,System,4,3.4,0.049821055345388,Normal
1751960701,8.7,65.5,svchost.exe,5420,1.0,0.2767245219718109,Normal
1751960701,8.7,65.5,python.exe,11276,6.8,0.4795397501885219,Normal
1751960701,8.7,65.5,Code.exe,13108,1.0,0.8051904833077698,Normal
1751960701,8.7,65.5,ChatGPT.exe,15708,1.5,0.9389817833906275,Normal
1751960701,8.7,65.5,Code.exe,17728,1.0,4.420965667488472,Normal
1751960701,8.7,65.5,explorer.exe,18404,3.2,2.320427745200612,Normal
1751960701,8.7,65.5,dwm.exe,18536,13.6,0.8159044287048606,Normal
1751960701,8.7,65.5,WmiPrvSE.exe,18728,1.0,0.09250754208549,Normal
1751960701,8.7,65.5,Code.exe,19928,2.9,1.0553598990809223,Normal
1751960701,8.7,65.5,Code.exe,20968,2.4,1.912765750588057,Normal
1751960701,8.7,65.5,ChatGPT.exe,23720,4.6,0.6115897318321234,Normal
1751960701,8.7,65.5,msedgewebview2.exe,28996,26.0,0.4174569108333708,Normal
1751960701,8.7,65.5,msedgewebview2.exe,29216,7.3,0.4327418171335093,Normal
1751960707,10.6,65.5,System Idle Process,0,702.6,4.836995664600786e-05,High Process Usage
1751960707,10.6,65.5,System,4,4.1,0.049821055345388,Normal
1751960707,10.6,65.5,mysqld.exe,1044,1.5,0.0235561688866058,Normal
1751960707,10.6,65.5,ChatGPT.exe,1464,2.4,2.1937468287447177,Normal
1751960707,10.6,65.5,svchost.exe,2708,1.2,0.0606075556774478,Normal
1751960707,10.6,65.5,chrome.exe,7952,1.0,0.8879756641074124,Normal
1751960707,10.6,65.5,python.exe,11276,6.8,0.479636490101814,Normal
1751960707,10.6,65.5,ChatGPT.exe,15708,1.0,0.9389817833906275,Normal
1751960707,10.6,65.5,chrome.exe,16732,1.2,1.1609998843958036,Normal
1751960707,10.6,65.5,Code.exe,17728,1.7,4.38979123043012,Normal
1751960707,10.6,65.5,explorer.exe,18404,2.2,2.320185895417382,Normal
1751960707,10.6,65.5,dwm.exe,18536,13.4,0.8159527986615065,Normal
1751960707,10.6,65.5,chrome.exe,19528,1.2,0.4099595675532396,Normal
1751960707,10.6,65.5,Code.exe,19928,3.2,1.0553357141025994,Normal
1751960707,10.6,65.5,Code.exe,20968,2.9,1.9119676463033983,Normal
1751960707,10.6,65.5,ChatGPT.exe,23720,3.6,0.6115897318321234,Normal
1751960707,10.6,65.5,chrome.exe,27480,1.7,0.7591664695590934,Normal
1751960707,10.6,65.5,Code.exe,28588,1.7,0.7672200673406537,Normal
1751960707,10.6,65.5,msedgewebview2.exe,28996,29.2,0.4173601709200788,Normal
1751960707,10.6,65.5,msedgewebview2.exe,29216,7.1,0.4338785111146904,Normal
1751960714,8.2,65.5,System Idle Process,0,717.5,4.836995664600786e-05,High Process Usage
1751960714,8.2,65.5,System,4,1.9,0.049821055345388,Normal
1751960714,8.2,65.5,chrome.exe,9440,1.0,1.5337145853316172,Normal
1751960714,8.2,65.5,python.exe,11276,6.6,0.4797090450367829,Normal
1751960714,8.2,65.5,ChatGPT.exe,15708,1.2,0.9389817833906275,Normal
1751960714,8.2,65.5,explorer.exe,18404,1.5,2.319919860655829,Normal
1751960714,8.2,65.5,dwm.exe,18536,13.4,0.8159769836398295,Normal
1751960714,8.2,65.5,WmiPrvSE.exe,18728,1.0,0.0928703167603351,Normal
1751960714,8.2,65.5,chrome.exe,19528,1.0,0.4109995216211287,Normal
1751960714,8.2,65.5,Code.exe,19928,2.7,1.0552873441459534,Normal
1751960714,8.2,65.5,Code.exe,20968,2.2,1.913733149720978,Normal
1751960714,8.2,65.5,ChatGPT.exe,23720,3.9,0.6115897318321234,Normal
1751960714,8.2,65.5,chrome.exe,27480,1.5,0.7610528978682876,Normal
1751960714,8.2,65.5,msedgewebview2.exe,28996,23.1,0.4176745756382778,Normal
1751960714,8.2,65.5,msedgewebview2.exe,29216,6.6,0.4364904887735749,Normal
1751960720,9.5,65.5,System Idle Process,0,721.2,4.836995664600786e-05,High Process Usage
1751960720,9.5,65.5,System,4,4.4,0.049821055345388,Normal
1751960720,9.5,65.5,mysqld.exe,1044,1.2,0.0235561688866058,Normal
1751960720,9.5,65.5,svchost.exe,2708,1.0,0.0605108157641558,Normal
1751960720,9.5,65.5,svchost.exe,7764,1.0,0.1172245899316,Normal
1751960720,9.5,65.5,chrome.exe,7952,2.7,0.8716508037393846,Normal
1751960720,9.5,65.5,python.exe,11276,6.6,0.480241114559889,Normal
1751960720,9.5,65.5,ChatGPT.exe,15708,1.7,0.9388608584990126,Normal
1751960720,9.5,65.5,dwm.exe,18536,13.4,0.8159044287048606,Normal
1751960720,9.5,65.5,Code.exe,19928,2.7,1.0553598990809223,Normal
1751960720,9.5,65.5,ChatGPT.exe,23720,2.7,0.6115897318321234,Normal
1751960720,9.5,65.5,msedgewebview2.exe,28996,23.6,0.4177955005298928,Normal
1751960720,9.5,65.5,msedgewebview2.exe,29216,5.6,0.437409517949849,Normal
1751960727,8.3,65.5,System Idle Process,0,726.3,4.836995664600786e-05,High Process Usage
1751960727,8.3,65.5,System,4,1.0,0.049821055345388,Normal
1751960727,8.3,65.5,svchost.exe,4632,1.0,0.0869449970711991,Normal
1751960727,8.3,65.5,svchost.exe,7764,1.0,0.117248774909923,Normal
1751960727,8.3,65.5,python.exe,11276,6.8,0.480289484516535,Normal
1751960727,8.3,65.5,ChatGPT.exe,15708,2.4,0.9388850434773356,Normal
1751960727,8.3,65.5,chrome.exe,16732,5.3,1.08859005929673,Normal
1751960727,8.3,65.5,explorer.exe,18404,1.9,2.3170660332137145,Normal
1751960727,8.3,65.5,dwm.exe,18536,13.3,0.8159286136831836,Normal
1751960727,8.3,65.5,WmiPrvSE.exe,18728,1.2,0.092362432215552,Normal
1751960727,8.3,65.5,Code.exe,19928,1.9,1.0553115291242765,Normal
1751960727,8.3,65.5,Code.exe,20968,2.2,1.9178204110575656,Normal
1751960727,8.3,65.5,ChatGPT.exe,23720,2.9,0.6115655468538004,Normal
1751960727,8.3,65.5,msedgewebview2.exe,28996,24.2,0.4176745756382778,Normal
1751960727,8.3,65.5,msedgewebview2.exe,29216,3.9,0.4389573565625213,Normal
1751960727,8.3,65.5,chrome.exe,29668,1.7,0.8272229985600263,Normal
1751960733,10.0,65.5,System Idle Process,0,710.7,4.836995664600786e-05,High Process Usage
1751960733,10.0,65.5,System,4,1.7,0.049821055345388,Normal
1751960733,10.0,65.5,mysqld.exe,1044,1.5,0.0235561688866058,Normal
1751960733,10.0,65.5,ChatGPT.exe,1464,1.2,2.1942063433328545,Normal
1751960733,10.0,65.5,python.exe,11276,6.6,0.480313669494858,Normal
1751960733,10.0,65.5,ChatGPT.exe,15708,1.0,0.9384980838241676,Normal
1751960733,10.0,65.5,explorer.exe,18404,2.2,2.316993478278745,Normal
1751960733,10.0,65.5,dwm.exe,18536,14.1,0.8158076887915686,Normal
1751960733,10.0,65.5,Code.exe,19928,3.6,1.0552873441459534,Normal
1751960733,10.0,65.5,Code.exe,20968,2.4,1.914434514092345,Normal
1751960733,10.0,65.5,ChatGPT.exe,23720,3.6,0.6115171768971543,Normal
1751960733,10.0,65.5,msedgewebview2.exe,28996,25.1,0.4179889803564769,Normal
1751960733,10.0,65.5,msedgewebview2.exe,29216,8.0,0.4406986750017776,Normal
1751960740,9.9,65.5,System Idle Process,0,718.3,4.836995664600786e-05,High Process Usage
1751960740,9.9,65.5,System,4,2.4,0.049821055345388,Normal
1751960740,9.9,65.5,ChatGPT.exe,1464,1.0,2.1943030832461465,Normal
1751960740,9.9,65.5,svchost.exe,4632,1.0,0.0867998872012611,Normal
1751960740,9.9,65.5,svchost.exe,5372,1.5,0.190940403860116,Normal
1751960740,9.9,65.5,python.exe,11276,6.8,0.480362039451504,Normal
1751960740,9.9,65.5,ChatGPT.exe,15708,1.7,0.9388850434773356,Normal
1751960740,9.9,65.5,explorer.exe,18404,1.0,2.316993478278745,Normal
1751960740,9.9,65.5,dwm.exe,18536,12.9,0.8158560587482145,Normal
1751960740,9.9,65.5,WmiPrvSE.exe,18728,1.5,0.0921931373672909,Normal
1751960740,9.9,65.5,Code.exe,19928,3.4,1.0553115291242765,Normal
1751960740,9.9,65.5,Code.exe,20968,1.0,1.918545960407256,Normal
1751960740,9.9,65.5,ChatGPT.exe,23720,3.4,0.6115171768971543,Normal
1751960740,9.9,65.5,chrome.exe,27480,2.9,0.7552001331141206,Normal
1751960740,9.9,65.5,msedgewebview2.exe,28996,24.3,0.4181099052480919,Normal
1751960740,9.9,65.5,msedgewebview2.exe,29216,6.1,0.4419321088962508,Normal
1751960746,6.8,65.5,System Idle Process,0,714.1,4.836995664600786e-05,High Process Usage
1751960746,6.8,65.5,System,4,2.2,0.049821055345388,Normal
1751960746,6.8,65.5,ChatGPT.exe,1464,1.0,2.1944481931160844,Normal
1751960746,6.8,65.5,svchost.exe,2708,1.0,0.0592531968913596,Normal
1751960746,6.8,65.5,MsMpEng.exe,5904,1.0,1.637855101990472,Normal
1751960746,6.8,65.5,chrome.exe,7952,1.0,0.8855813512534348,Normal
1751960746,6.8,65.5,chrome.exe,9440,1.2,1.5341015449847852,Normal
1751960746,6.8,65.5,python.exe,11276,6.6,0.479999264776659,Normal
1751960746,6.8,65.5,ChatGPT.exe,15708,2.4,0.9388850434773356,Normal
1751960746,6.8,65.5,chrome.exe,16732,3.9,1.0668961337409957,Normal
1751960746,6.8,65.5,Code.exe,17728,4.1,4.38519608454875,Normal
1751960746,6.8,65.5,dwm.exe,18536,12.1,0.8159769836398295,Normal
1751960746,6.8,65.5,chrome.exe,19528,1.0,0.4116041460792039,Normal
1751960746,6.8,65.5,Code.exe,19928,1.9,1.0553357141025994,Normal
1751960746,6.8,65.5,Code.exe,20968,1.5,1.9186668852988709,Normal
1751960746,6.8,65.5,ChatGPT.exe,23720,2.9,0.6115171768971543,Normal
1751960746,6.8,65.5,msedgewebview2.exe,28996,24.0,0.418158275204738,Normal
1751960746,6.8,65.5,msedgewebview2.exe,29216,8.3,0.443479947508923,Normal
1751960752,9.1,65.5,System Idle Process,0,717.2,4.836995664600786e-05,High Process Usage
1751960752,9.1,65.5,System,4,4.4,0.049821055345388,Normal
1751960752,9.1,65.5,ChatGPT.exe,3844,1.2,0.1654978066643159,Normal
1751960752,9.1,65.5,svchost.exe,7764,1.0,0.116934370191724,Normal
1751960752,9.1,65.5,python.exe,11276,6.3,0.4800234497549819,Normal
1751960752,9.1,65.5,ChatGPT.exe,15708,1.5,0.9384980838241676,Normal
1751960752,9.1,65.5,explorer.exe,18404,2.7,2.316824183430484,Normal
1751960752,9.1,65.5,dwm.exe,18536,12.7,0.8158318737698915,Normal
1751960752,9.1,65.5,Code.exe,19928,2.4,1.0552873441459534,Normal
1751960752,9.1,65.5,Code.exe,20968,3.6,1.919900319193344,Normal
1751960752,9.1,65.5,ChatGPT.exe,23720,3.7,0.6115171768971543,Normal
1751960752,9.1,65.5,Code.exe,28588,1.0,0.7673409922322687,Normal
1751960752,9.1,65.5,msedgewebview2.exe,28996,24.1,0.418400124987968,Normal
1751960752,9.1,65.5,msedgewebview2.exe,29216,5.9,0.4448343062950112,Normal
1751960759,10.3,65.4,System Idle Process,0,716.6,4.836995664600786e-05,High Process Usage
1751960759,10.3,65.4,System,4,1.5,0.049821055345388,Normal
1751960759,10.3,65.4,svchost.exe,2708,1.0,0.0604866307858328,Normal
1751960759,10.3,65.4,ChatGPT.exe,3844,1.0,0.1652075869244398,Normal
1751960759,10.3,65.4,svchost.exe,5420,1.0,0.2877528720871007,Normal
1751960759,10.3,65.4,chrome.exe,7952,2.4,0.8803090259790199,Normal
1751960759,10.3,65.4,python.exe,11276,6.6,0.480047634733305,Normal
1751960759,10.3,65.4,Code.exe,11968,2.4,1.427010460970524,Normal
1751960759,10.3,65.4,chrome.exe,16732,5.3,1.0694113714865878,Normal
1751960759,10.3,65.4,Code.exe,17728,2.2,4.379657724512782,Normal
1751960759,10.3,65.4,explorer.exe,18404,1.2,2.3169451083220998,Normal
1751960759,10.3,65.4,dwm.exe,18536,12.0,0.8158802437265374,Normal
1751960759,10.3,65.4,Code.exe,19928,2.7,1.0553357141025994,Normal
1751960759,10.3,65.4,Code.exe,20968,1.5,1.921931857372476,Normal
1751960759,10.3,65.4,ChatGPT.exe,23720,3.4,0.6115171768971543,Normal
1751960759,10.3,65.4,msedgewebview2.exe,28996,23.3,0.41849686490126,Normal
1751960759,10.3,65.4,msedgewebview2.exe,29216,6.8,0.4467207346042056,Normal
