timestamp,cpu_usage,memory_usage,process_name,pid,process_cpu,process_memory
1751953963,16.1,78.6,System Idle Process,0,682.4,4.836995664600786e-05
1751953963,16.1,78.6,System,4,6.7,0.049119690974020976
1751953963,16.1,78.6,MsMpEng.exe,5904,5.4,1.852351674737194
1751953963,16.1,78.6,Code.exe,6032,1.6,1.1284469035730402
1751953963,16.1,78.6,Code.exe,12184,1.0,1.6410958890857548
1751953963,16.1,78.6,ChatGPT.exe,15708,2.9,1.009335885332246
1751953963,16.1,78.6,msedgewebview2.exe,17052,1.9,0.535358680158015
1751953963,16.1,78.6,explorer.exe,18404,2.1,2.544162979666721
1751953963,16.1,78.6,dwm.exe,18536,10.3,0.9036233450823957
1751953963,16.1,78.6,WmiPrvSE.exe,18728,1.0,0.08696918204952213
1751953963,16.1,78.6,python.exe,19460,8.4,0.4766859227464075
1751953963,16.1,78.6,Spotify.exe,25136,5.8,1.6476258332329659
1751953963,16.1,78.6,Spotify.exe,25920,1.0,2.473228438245351
1751953963,16.1,78.6,audiodg.exe,27064,5.3,0.1243833435152092
1751953963,16.1,78.6,Code.exe,27800,1.9,1.7606180519580399
1751953963,16.1,78.6,msedgewebview2.exe,28996,24.1,0.9529123309046779
1751953963,16.1,78.6,msedgewebview2.exe,29216,5.1,2.5759662261614715
1751953969,30.8,79.1,System Idle Process,0,657.0,4.836995664600786e-05
1751953969,30.8,79.1,System,4,4.3,0.049119690974020976
1751953969,30.8,79.1,svchost.exe,1536,1.2,0.104600031246992
1751953969,30.8,79.1,svchost.exe,1940,2.2,0.07884302933299281
1751953969,30.8,79.1,svchost.exe,4632,1.0,0.08883142538039343
1751953969,30.8,79.1,MsMpEng.exe,5904,18.3,1.8904430155959253
1751953969,30.8,79.1,Code.exe,6032,3.1,1.16934370191724
1751953969,30.8,79.1,ChatGPT.exe,15708,1.9,1.008948925679078
1751953969,30.8,79.1,explorer.exe,18404,4.3,2.5461219629108847
1751953969,30.8,79.1,dwm.exe,18536,16.9,0.9477851155002011
1751953969,30.8,79.1,WmiPrvSE.exe,18728,1.0,0.08752543655095121
1751953969,30.8,79.1,Code.exe,18856,2.1,1.0139068462352936
1751953969,30.8,79.1,python.exe,19460,8.6,0.47859653603392477
1751953969,30.8,79.1,chrome.exe,22484,8.1,0.917191117921601
1751953969,30.8,79.1,Spotify.exe,25136,2.8,1.6471663186448284
1751953969,30.8,79.1,audiodg.exe,27064,3.3,0.1243833435152092
1751953969,30.8,79.1,Code.exe,27800,5.5,1.7767978024561297
1751953969,30.8,79.1,msedgewebview2.exe,28996,18.0,0.9531058107312619
1751953969,30.8,79.1,msedgewebview2.exe,29216,5.0,2.573064028762711
1751953976,23.0,81.6,System Idle Process,0,620.4,4.836995664600786e-05
1751953976,23.0,81.6,System,4,14.9,0.049119690974020976
1751953976,23.0,81.6,MemCompression,3644,2.1,2.8778673105675296
1751953976,23.0,81.6,MsMpEng.exe,5904,11.2,1.9344596761437922
1751953976,23.0,81.6,chrome.exe,9440,4.4,1.483385645441446
1751953976,23.0,81.6,svchost.exe,12920,1.2,0.2185112791483405
1751953976,23.0,81.6,msedge.exe,14936,3.7,0.8666203282481999
1751953976,23.0,81.6,explorer.exe,18404,13.7,2.553861155974246
1751953976,23.0,81.6,dwm.exe,18536,16.7,1.039688033127616
1751953976,23.0,81.6,WmiPrvSE.exe,18728,1.2,0.0874045116593362
1751953976,23.0,81.6,python.exe,19460,10.9,0.4791044205787079
1751953976,23.0,81.6,chrome.exe,19528,1.2,0.4168764713536187
1751953976,23.0,81.6,msedge.exe,20448,4.6,0.2563607702238417
1751953976,23.0,81.6,msedge.exe,21876,9.0,1.1103081698307875
1751953976,23.0,81.6,Spotify.exe,25136,1.9,1.6473839834497357
1751953976,23.0,81.6,msedge.exe,25820,12.3,0.9488250695680902
1751953976,23.0,81.6,audiodg.exe,27064,3.2,0.1243833435152092
1751953976,23.0,81.6,msedgewebview2.exe,28996,16.5,0.9531299957095849
1751953976,23.0,81.6,msedgewebview2.exe,29216,6.5,2.5679126283799114
1751953983,20.8,84.5,System Idle Process,0,517.2,4.836995664600786e-05
1751953983,20.8,84.5,System,4,16.7,0.049143875952343985
1751953983,20.8,84.5,services.exe,1128,1.4,0.04945828067054304
1751953983,20.8,84.5,lsass.exe,1156,1.2,0.12571351732297442
1751953983,20.8,84.5,svchost.exe,1372,1.4,0.2068299346183296
1751953983,20.8,84.5,chrome.exe,1408,12.5,1.4532995324076292
1751953983,20.8,84.5,svchost.exe,1536,3.0,0.10215734843636859
1751953983,20.8,84.5,svchost.exe,1940,1.4,0.07884302933299281
1751953983,20.8,84.5,svchost.exe,2256,3.2,0.13084073272745125
1751953983,20.8,84.5,MemCompression,3644,2.1,2.8838651851916346
1751953983,20.8,84.5,svchost.exe,4496,2.1,0.1617975049808963
1751953983,20.8,84.5,MsMpEng.exe,5904,8.5,1.950494316771944
1751953983,20.8,84.5,chrome.exe,9440,17.4,1.5182603841832176
1751953983,20.8,84.5,ApplicationFrameHost.exe,10648,2.0,0.2936540067979137
1751953983,20.8,84.5,svchost.exe,12920,1.8,0.2185112791483405
1751953983,20.8,84.5,ChatGPT.exe,15708,2.0,1.0099888797469672
1751953983,20.8,84.5,chrome.exe,16732,44.7,2.28949515792549
1751953983,20.8,84.5,explorer.exe,18404,8.2,2.557367977831081
1751953983,20.8,84.5,dwm.exe,18536,29.9,1.1020369072443201
1751953983,20.8,84.5,python.exe,19460,14.6,0.47920116049199984
1751953983,20.8,84.5,chrome.exe,19528,4.4,0.4201656284055473
1751953983,20.8,84.5,msedge.exe,21876,4.2,1.13802415498895
1751953983,20.8,84.5,notepad++.exe,23060,1.1,0.5503533667182774
1751953983,20.8,84.5,Spotify.exe,25136,1.3,1.6468277289483066
1751953983,20.8,84.5,ctfmon.exe,25316,1.5,0.17229378557308
1751953983,20.8,84.5,msedge.exe,25820,3.3,0.9363939907100662
1751953983,20.8,84.5,audiodg.exe,27064,4.0,0.12503633792993032
1751953983,20.8,84.5,msedgewebview2.exe,28996,12.6,0.9889963185625997
1751953983,20.8,84.5,msedgewebview2.exe,29216,5.5,2.578795868625263
1751953990,41.2,85.0,System Idle Process,0,471.5,4.836995664600786e-05
1751953990,41.2,85.0,System,4,17.5,0.049143875952343985
1751953990,41.2,85.0,chrome.exe,1408,34.1,2.536302861711745
1751953990,41.2,85.0,MemCompression,3644,16.3,3.4260923991933825
1751953990,41.2,85.0,MsMpEng.exe,5904,4.9,1.9278329920832893
1751953990,41.2,85.0,chrome.exe,9440,44.7,1.6966245993153717
1751953990,41.2,85.0,Spotify.exe,12216,1.3,0.26356789376409684
1751953990,41.2,85.0,ChatGPT.exe,15708,1.6,1.0099888797469672
1751953990,41.2,85.0,chrome.exe,16732,6.9,1.575457857917122
1751953990,41.2,85.0,explorer.exe,18404,1.3,2.5573921628094043
1751953990,41.2,85.0,dwm.exe,18536,19.7,1.0657836247381371
1751953990,41.2,85.0,WmiPrvSE.exe,18728,1.1,0.08769473139921224
1751953990,41.2,85.0,chrome.exe,18812,38.8,1.3685553683638234
1751953990,41.2,85.0,python.exe,19460,13.7,0.48033785447318106
1751953990,41.2,85.0,chrome.exe,19528,9.6,0.4297428798214568
1751953990,41.2,85.0,Spotify.exe,25136,3.8,1.6461021795986166
1751953990,41.2,85.0,ctfmon.exe,25316,2.9,0.172317970551403
1751953990,41.2,85.0,audiodg.exe,27064,3.8,0.12503633792993032
1751953990,41.2,85.0,msedgewebview2.exe,28996,17.7,0.9889963185625997
1751953990,41.2,85.0,msedgewebview2.exe,29216,6.7,2.5812385514358867
1751953997,19.1,85.5,System Idle Process,0,584.7,4.836995664600786e-05
1751953997,19.1,85.5,System,4,16.3,0.049143875952343985
1751953997,19.1,85.5,chrome.exe,1408,23.3,2.45421904528347
1751953997,19.1,85.5,TextInputHost.exe,3568,1.1,1.580705998213214
1751953997,19.1,85.5,MsMpEng.exe,5904,2.3,1.7196970686355173
1751953997,19.1,85.5,chrome.exe,9440,22.3,1.6691746489187622
1751953997,19.1,85.5,ChatGPT.exe,15708,3.2,1.010037249703613
1751953997,19.1,85.5,explorer.exe,18404,1.6,2.5574405327660505
1751953997,19.1,85.5,dwm.exe,18536,19.1,1.22634769582456
1751953997,19.1,85.5,WmiPrvSE.exe,18728,1.1,0.08771891637753526
1751953997,19.1,85.5,chrome.exe,18812,4.3,1.416369070508402
1751953997,19.1,85.5,python.exe,19460,13.0,0.4805555192780881
1751953997,19.1,85.5,chrome.exe,19528,2.0,0.41960937390411823
1751953997,19.1,85.5,msedge.exe,21876,1.6,1.1399589532547902
1751953997,19.1,85.5,chrome.exe,24520,16.2,0.7746690406641389
1751953997,19.1,85.5,Spotify.exe,25136,3.2,1.6453040753139574
1751953997,19.1,85.5,ctfmon.exe,25316,1.6,0.172317970551403
1751953997,19.1,85.5,chrome.exe,25612,21.6,1.3929821964700573
1751953997,19.1,85.5,audiodg.exe,27064,5.4,0.12493959801663829
1751953997,19.1,85.5,msedgewebview2.exe,28996,19.6,0.9859973812505471
1751953997,19.1,85.5,msedgewebview2.exe,29216,5.4,2.5821092106555144
1751954004,21.7,82.6,System Idle Process,0,634.8,4.836995664600786e-05
1751954004,21.7,82.6,System,4,9.9,0.049143875952343985
1751954004,21.7,82.6,chrome.exe,1408,10.3,2.1192087255532193
1751954004,21.7,82.6,svchost.exe,1940,2.2,0.0788188443546698
1751954004,21.7,82.6,MsMpEng.exe,5904,5.1,1.728524585723414
1751954004,21.7,82.6,chrome.exe,9440,8.1,1.6290033999242528
1751954004,21.7,82.6,Code.exe,12184,1.3,1.642305138001905
1751954004,21.7,82.6,ChatGPT.exe,15708,2.9,1.010061434681936
1751954004,21.7,82.6,explorer.exe,18404,3.1,2.5572470529394664
1751954004,21.7,82.6,dwm.exe,18536,18.8,1.1224973989055813
1751954004,21.7,82.6,Code.exe,18856,2.2,1.0115367183596393
1751954004,21.7,82.6,python.exe,19460,13.8,0.48060388923473407
1751954004,21.7,82.6,WUDFHost.exe,20944,2.9,0.039929399211279484
1751954004,21.7,82.6,Spotify.exe,25136,1.6,1.6443850461376832
1751954004,21.7,82.6,audiodg.exe,27064,3.6,0.12493959801663829
1751954004,21.7,82.6,Code.exe,27800,10.5,1.7877535976364503
1751954004,21.7,82.6,msedgewebview2.exe,28996,19.6,0.9703255152972406
1751954004,21.7,82.6,msedgewebview2.exe,29216,4.0,2.5825687252436516
1751954011,28.3,81.7,System Idle Process,0,623.1,4.836995664600786e-05
1751954011,28.3,81.7,System,4,30.1,0.049143875952343985
1751954011,28.3,81.7,svchost.exe,1536,1.1,0.10967887669482282
1751954011,28.3,81.7,svchost.exe,2256,1.1,0.13507310393397695
1751954011,28.3,81.7,svchost.exe,4632,2.1,0.09008904425318963
1751954011,28.3,81.7,MsMpEng.exe,5904,7.9,1.8245147646874165
1751954011,28.3,81.7,Code.exe,6032,2.1,1.1356540271132955
1751954011,28.3,81.7,chrome.exe,9440,2.8,1.6242389591946211
1751954011,28.3,81.7,EXCEL.EXE,15444,1.4,1.465053431872609
1751954011,28.3,81.7,ChatGPT.exe,15708,2.3,1.010061434681936
1751954011,28.3,81.7,chrome.exe,16732,10.5,1.5789404947956345
1751954011,28.3,81.7,explorer.exe,18404,12.8,2.6112037395780883
1751954011,28.3,81.7,dwm.exe,18536,19.9,1.0990379699322677
1751954011,28.3,81.7,python.exe,19460,10.3,0.48065225919138005
1751954011,28.3,81.7,csrss.exe,21676,1.2,0.028707569269405667
1751954011,28.3,81.7,Spotify.exe,25136,2.1,1.643514386918055
1751954011,28.3,81.7,audiodg.exe,27064,5.2,0.12493959801663829
1751954011,28.3,81.7,Code.exe,27800,4.0,1.7539188129625678
1751954011,28.3,81.7,msedgewebview2.exe,28996,16.4,0.9591520553120129
1751954011,28.3,81.7,msedgewebview2.exe,29216,5.9,2.583318459571665
1751954104,12.0,79.8,System Idle Process,0,693.4,4.836995664600786e-05
1751954104,12.0,79.8,System,4,4.0,0.04916806093066699
1751954104,12.0,79.8,MsMpEng.exe,5904,1.2,1.773145870729356
1751954104,12.0,79.8,Code.exe,6032,1.6,1.015793274544488
1751954104,12.0,79.8,EXCEL.EXE,15444,1.2,1.5533286027515734
1751954104,12.0,79.8,ChatGPT.exe,15708,1.4,1.0080298965028038
1751954104,12.0,79.8,python.exe,16452,8.6,0.4788142008388318
1751954104,12.0,79.8,dwm.exe,18536,16.0,1.175172281693084
1751954104,12.0,79.8,chrome.exe,19528,1.0,0.4057271963467139
1751954104,12.0,79.8,Spotify.exe,25136,2.2,1.6500201460869433
1751954104,12.0,79.8,audiodg.exe,27064,4.8,0.12440752849353222
1751954104,12.0,79.8,Code.exe,27800,3.1,1.7521049395883428
1751954104,12.0,79.8,msedgewebview2.exe,28996,22.6,0.28731754247728664
1751954104,12.0,79.8,msedgewebview2.exe,29216,5.0,0.4660203473059627
1751954111,11.8,79.8,System Idle Process,0,687.3,4.836995664600786e-05
1751954111,11.8,79.8,System,4,6.5,0.04916806093066699
1751954111,11.8,79.8,MsMpEng.exe,5904,3.8,1.7830133418851417
1751954111,11.8,79.8,Code.exe,6032,2.9,1.1285436434863323
1751954111,11.8,79.8,svchost.exe,7764,1.0,0.10791337327724353
1751954111,11.8,79.8,ChatGPT.exe,15708,1.2,1.00880381580914
1751954111,11.8,79.8,python.exe,16452,7.7,0.47990252486336693
1751954111,11.8,79.8,chrome.exe,16732,5.8,1.4363458626032035
1751954111,11.8,79.8,explorer.exe,18404,1.7,2.407009967596966
1751954111,11.8,79.8,dwm.exe,18536,15.6,1.1720524194894164
1751954111,11.8,79.8,Spotify.exe,25136,5.0,1.6498750362170052
1751954111,11.8,79.8,Spotify.exe,25920,1.0,2.4881263848923214
1751954111,11.8,79.8,audiodg.exe,27064,5.5,0.12440752849353222
1751954111,11.8,79.8,Code.exe,27800,2.2,1.7560954610116384
1751954111,11.8,79.8,msedgewebview2.exe,28996,25.0,0.2882123866752378
1751954111,11.8,79.8,msedgewebview2.exe,29216,4.6,0.46747144600534296
1751954117,10.9,79.7,System Idle Process,0,701.9,4.836995664600786e-05
1751954117,10.9,79.7,System,4,4.3,0.04916806093066699
1751954117,10.9,79.7,MsMpEng.exe,5904,3.6,1.772758911076188
1751954117,10.9,79.7,Code.exe,6032,1.9,1.1402975429513122
1751954117,10.9,79.7,EXCEL.EXE,15444,1.0,1.5215253562568232
1751954117,10.9,79.7,ChatGPT.exe,15708,2.6,1.008465226112618
1751954117,10.9,79.7,python.exe,16452,8.1,0.479999264776659
1751954117,10.9,79.7,explorer.exe,18404,1.2,2.405970013529077
1751954117,10.9,79.7,dwm.exe,18536,16.5,1.1720766044677395
1751954117,10.9,79.7,WmiPrvSE.exe,18728,1.0,0.08709010694113715
1751954117,10.9,79.7,Spotify.exe,25136,3.3,1.6498750362170052
1751954117,10.9,79.7,audiodg.exe,27064,4.5,0.12440752849353222
1751954117,10.9,79.7,Code.exe,27800,1.0,1.7571596000578504
1751954117,10.9,79.7,msedgewebview2.exe,28996,22.6,0.2887202712200209
1751954117,10.9,79.7,msedgewebview2.exe,29216,4.0,0.46865650994317015
1751954124,7.2,79.8,System Idle Process,0,703.9,4.836995664600786e-05
1751954124,7.2,79.8,System,4,4.5,0.04916806093066699
1751954124,7.2,79.8,MsMpEng.exe,5904,3.1,1.6972292237734468
1751954124,7.2,79.8,Code.exe,6032,3.1,1.143973659656409
1751954124,7.2,79.8,ChatGPT.exe,15708,1.4,1.0081024514377728
1751954124,7.2,79.8,python.exe,16452,7.9,0.48002344975498196
1751954124,7.2,79.8,explorer.exe,18404,1.2,2.4059216435724307
1751954124,7.2,79.8,dwm.exe,18536,15.6,1.1721007894460624
1751954124,7.2,79.8,WmiPrvSE.exe,18728,1.9,0.08696918204952213
1751954124,7.2,79.8,Spotify.exe,25136,1.4,1.6482062727127176
1751954124,7.2,79.8,audiodg.exe,27064,4.3,0.12462519329843925
1751954124,7.2,79.8,Code.exe,27800,2.6,1.760908271697916
1751954124,7.2,79.8,msedgewebview2.exe,28996,23.1,0.29341215701468365
1751954124,7.2,79.8,msedgewebview2.exe,29216,4.1,0.4706396781656565
1751954130,13.7,79.8,System Idle Process,0,672.2,4.836995664600786e-05
1751954130,13.7,79.8,System,4,5.8,0.04916806093066699
1751954130,13.7,79.8,mysqld.exe,1044,1.2,0.023217579190083774
1751954130,13.7,79.8,svchost.exe,1940,2.2,0.07915743405119187
1751954130,13.7,79.8,svchost.exe,2192,1.0,0.04931317080060501
1751954130,13.7,79.8,MsMpEng.exe,5904,3.8,1.7298789445095022
1751954130,13.7,79.8,Code.exe,6032,4.6,1.144433174244546
1751954130,13.7,79.8,ChatGPT.exe,15708,1.7,1.008465226112618
1751954130,13.7,79.8,python.exe,16452,7.5,0.48096666390957915
1751954130,13.7,79.8,explorer.exe,18404,8.6,2.408799655992868
1751954130,13.7,79.8,dwm.exe,18536,26.0,1.175148096714761
1751954130,13.7,79.8,WmiPrvSE.exe,18728,1.2,0.08355910010597857
1751954130,13.7,79.8,Code.exe,18856,1.4,0.9750174010919034
1751954130,13.7,79.8,WUDFHost.exe,20944,2.2,0.03990521423295649
1751954130,13.7,79.8,Spotify.exe,25136,3.1,1.649633186433775
1751954130,13.7,79.8,Spotify.exe,25920,2.4,2.4996142495957483
1751954130,13.7,79.8,audiodg.exe,27064,3.8,0.12467356325508525
1751954130,13.7,79.8,Code.exe,27800,5.8,1.7882856671595566
1751954130,13.7,79.8,msedgewebview2.exe,28996,18.8,0.29396841151611275
1751954130,13.7,79.8,msedgewebview2.exe,29216,3.8,0.47233262664826675
1751954137,19.6,79.1,System Idle Process,0,698.8,4.836995664600786e-05
1751954137,19.6,79.1,System,4,4.1,0.04916806093066699
1751954137,19.6,79.1,WhatsApp.exe,1748,1.2,1.6032463980102534
1751954137,19.6,79.1,MemCompression,3644,4.3,4.622015392287604
1751954137,19.6,79.1,MsMpEng.exe,5904,3.8,1.7363847036783902
1751954137,19.6,79.1,Code.exe,6032,2.6,1.1372986056392598
1751954137,19.6,79.1,EXCEL.EXE,15444,1.4,1.5217188360834073
1751954137,19.6,79.1,ChatGPT.exe,15708,1.7,1.0084168561559719
1751954137,19.6,79.1,python.exe,16452,7.7,0.4810634038228711
1751954137,19.6,79.1,chrome.exe,16732,14.2,1.2258639962581002
1751954137,19.6,79.1,explorer.exe,18404,1.7,2.4086545461229303
1751954137,19.6,79.1,dwm.exe,18536,16.3,1.170504580876744
1751954137,19.6,79.1,Spotify.exe,25136,1.2,1.6366700380526449
1751954137,19.6,79.1,Code.exe,27800,4.1,1.7306528638158383
1751954137,19.6,79.1,msedgewebview2.exe,28996,23.3,0.2948632557140639
1751954137,19.6,79.1,msedgewebview2.exe,29216,2.9,0.4735660605427399
1751954143,13.1,79.2,System Idle Process,0,689.5,4.836995664600786e-05
1751954143,13.1,79.2,System,4,6.5,0.04916806093066699
1751954143,13.1,79.2,MsMpEng.exe,5904,4.6,1.7530723387212628
1751954143,13.1,79.2,Code.exe,6032,1.4,1.170939910486558
1751954143,13.1,79.2,EXCEL.EXE,15444,1.9,1.5222509056065134
1751954143,13.1,79.2,ChatGPT.exe,15708,2.4,1.0084410411342948
1751954143,13.1,79.2,python.exe,16452,7.5,0.48111177377951714
1751954143,13.1,79.2,explorer.exe,18404,1.7,2.4086545461229303
1751954143,13.1,79.2,dwm.exe,18536,15.7,1.169222777025625
1751954143,13.1,79.2,Spotify.exe,25136,1.7,1.636742592987614
1751954143,13.1,79.2,Code.exe,27800,1.7,1.7333857663663375
1751954143,13.1,79.2,msedgewebview2.exe,28996,23.1,0.2949599956273559
1751954143,13.1,79.2,msedgewebview2.exe,29216,4.8,0.4764440729631774
1751954150,8.7,79.1,System Idle Process,0,701.7,4.836995664600786e-05
1751954150,8.7,79.1,System,4,6.3,0.04916806093066699
1751954150,8.7,79.1,MsMpEng.exe,5904,4.6,1.7252112436931624
1751954150,8.7,79.1,Code.exe,6032,1.2,1.1543973853136236
1751954150,8.7,79.1,ChatGPT.exe,15708,1.4,1.0084410411342948
1751954150,8.7,79.1,python.exe,16452,7.7,0.48123269867113216
1751954150,8.7,79.1,explorer.exe,18404,1.2,2.4088722109278375
1751954150,8.7,79.1,dwm.exe,18536,15.9,1.169198592047302
1751954150,8.7,79.1,WmiPrvSE.exe,18728,1.0,0.08723521681107517
1751954150,8.7,79.1,Spotify.exe,25136,1.0,1.6366700380526449
1751954150,8.7,79.1,msedge.exe,25820,8.0,0.793847728474281
1751954150,8.7,79.1,Code.exe,27800,1.0,1.734861050044041
1751954150,8.7,79.1,msedgewebview2.exe,28996,23.1,0.295467880172139
1751954150,8.7,79.1,msedgewebview2.exe,29216,4.3,0.48841563723306436
1751954156,5.7,79.2,System Idle Process,0,719.6,4.836995664600786e-05
1751954156,5.7,79.2,System,4,5.3,0.04916806093066699
1751954156,5.7,79.2,mysqld.exe,1044,1.0,0.023217579190083774
1751954156,5.7,79.2,MsMpEng.exe,5904,3.8,1.730435199010931
1751954156,5.7,79.2,Code.exe,6032,1.0,1.1780502941135214
1751954156,5.7,79.2,Code.exe,12184,1.0,1.6423293229802276
1751954156,5.7,79.2,ChatGPT.exe,15708,2.9,1.0084410411342948
1751954156,5.7,79.2,python.exe,16452,7.5,0.48086992399628714
1751954156,5.7,79.2,explorer.exe,18404,1.4,2.4088963959061602
1751954156,5.7,79.2,dwm.exe,18536,14.7,1.169319516938917
1751954156,5.7,79.2,WmiPrvSE.exe,18728,1.0,0.08723521681107517
1751954156,5.7,79.2,Code.exe,27800,1.4,1.741487734104544
1751954156,5.7,79.2,msedgewebview2.exe,28996,21.2,0.29154991368381233
1751954156,5.7,79.2,msedgewebview2.exe,29216,3.1,0.4894314063226305
1751954163,13.7,79.3,System Idle Process,0,711.8,4.836995664600786e-05
1751954163,13.7,79.3,System,4,3.9,0.04916806093066699
1751954163,13.7,79.3,MsMpEng.exe,5904,6.0,1.746977724183866
1751954163,13.7,79.3,Code.exe,6032,1.4,1.1548327149234376
1751954163,13.7,79.3,ChatGPT.exe,15708,1.7,1.0084410411342948
1751954163,13.7,79.3,python.exe,16452,7.7,0.4808941089746101
1751954163,13.7,79.3,explorer.exe,18404,1.2,2.4086545461229303
1751954163,13.7,79.3,dwm.exe,18536,14.2,1.169246962003948
1751954163,13.7,79.3,WmiPrvSE.exe,18728,1.4,0.08704173698449114
1751954163,13.7,79.3,msedgewebview2.exe,28996,23.6,0.2918159484453654
1751954163,13.7,79.3,msedgewebview2.exe,29216,3.4,0.4941474770956163
1751954169,10.3,79.3,System Idle Process,0,708.6,4.836995664600786e-05
1751954169,10.3,79.3,System,4,5.8,0.04916806093066699
1751954169,10.3,79.3,svchost.exe,2708,1.0,0.05603659477440011
1751954169,10.3,79.3,MsMpEng.exe,5904,5.0,1.747388868815357
1751954169,10.3,79.3,Code.exe,6032,1.7,1.1546150501185306
1751954169,10.3,79.3,ChatGPT.exe,15708,1.2,1.0079331565895118
1751954169,10.3,79.3,python.exe,16452,7.5,0.4809182939529332
1751954169,10.3,79.3,chrome.exe,17508,1.0,1.526580016726331
1751954169,10.3,79.3,explorer.exe,18404,1.9,2.408533621231315
1751954169,10.3,79.3,dwm.exe,18536,15.4,1.169319516938917
1751954169,10.3,79.3,Code.exe,27800,1.4,1.748477192839892
1751954169,10.3,79.3,msedgewebview2.exe,28996,23.9,0.29208198320691847
1751954169,10.3,79.3,msedgewebview2.exe,29216,3.6,0.4952358011201514
1751954176,7.6,79.3,System Idle Process,0,713.8,4.836995664600786e-05
1751954176,7.6,79.3,System,4,5.3,0.04916806093066699
1751954176,7.6,79.3,WhatsApp.exe,1748,1.0,1.6028352533787624
1751954176,7.6,79.3,MsMpEng.exe,5904,5.1,1.7260819029127905
1751954176,7.6,79.3,Code.exe,6032,1.2,1.15807350201872
1751954176,7.6,79.3,ChatGPT.exe,15708,1.2,1.0084410411342948
1751954176,7.6,79.3,python.exe,16452,7.2,0.48096666390957915
1751954176,7.6,79.3,explorer.exe,18404,1.0,2.4085819911879613
1751954176,7.6,79.3,dwm.exe,18536,15.9,1.169271146982271
1751954176,7.6,79.3,WmiPrvSE.exe,18728,1.0,0.08733195672436718
1751954176,7.6,79.3,Code.exe,27800,1.2,1.754184847724121
1751954176,7.6,79.3,msedgewebview2.exe,28996,25.8,0.2922029080985335
1751954176,7.6,79.3,msedgewebview2.exe,29216,3.1,0.4962032002530716
1751954182,7.8,79.3,System Idle Process,0,706.3,4.836995664600786e-05
1751954182,7.8,79.3,System,4,4.6,0.04916806093066699
1751954182,7.8,79.3,svchost.exe,1940,1.0,0.07896395422460784
1751954182,7.8,79.3,MsMpEng.exe,5904,3.8,1.7274362616988788
1751954182,7.8,79.3,ChatGPT.exe,15708,1.4,1.0082717462860338
1751954182,7.8,79.3,python.exe,16452,7.5,0.48096666390957915
1751954182,7.8,79.3,explorer.exe,18404,1.7,2.4081466615781473
1751954182,7.8,79.3,dwm.exe,18536,15.6,1.169198592047302
1751954182,7.8,79.3,Code.exe,18856,2.4,0.9740983719156292
1751954182,7.8,79.3,Code.exe,27800,3.8,1.7701227484389805
1751954182,7.8,79.3,msedgewebview2.exe,28996,23.2,0.29268660766499355
1751954182,7.8,79.3,msedgewebview2.exe,29216,5.7,0.5809231793185544
1751954189,7.4,79.3,System Idle Process,0,713.6,4.836995664600786e-05
1751954189,7.4,79.3,System,4,4.5,0.04916806093066699
1751954189,7.4,79.3,MsMpEng.exe,5904,5.7,1.7347159401741026
1751954189,7.4,79.3,grafana.exe,7940,1.0,0.5378013629686383
1751954189,7.4,79.3,ChatGPT.exe,15708,2.2,1.008295931264357
1751954189,7.4,79.3,python.exe,16452,8.1,0.4809908488879021
1751954189,7.4,79.3,explorer.exe,18404,1.9,2.4083159564264083
1751954189,7.4,79.3,dwm.exe,18536,14.4,1.169271146982271
1751954189,7.4,79.3,WmiPrvSE.exe,18728,1.0,0.08750125157262822
1751954189,7.4,79.3,Spotify.exe,25136,1.4,1.6366216680959988
1751954189,7.4,79.3,Code.exe,27800,1.0,1.7632300296169245
1751954189,7.4,79.3,msedgewebview2.exe,28996,19.0,0.2922512780551795
1751954189,7.4,79.3,msedgewebview2.exe,29216,5.5,0.5978526641446571
1751954195,10.0,79.3,System Idle Process,0,707.9,4.836995664600786e-05
1751954195,10.0,79.3,System,4,6.5,0.04916806093066699
1751954195,10.0,79.3,mysqld.exe,1044,1.2,0.023217579190083774
1751954195,10.0,79.3,WhatsApp.exe,1748,1.2,1.605834190690815
1751954195,10.0,79.3,svchost.exe,2708,1.2,0.05586729992613907
1751954195,10.0,79.3,svchost.exe,4632,1.0,0.08660640737467706
1751954195,10.0,79.3,MsMpEng.exe,5904,5.3,1.7411007744513758
1751954195,10.0,79.3,Code.exe,6032,1.7,1.1547117900318224
1751954195,10.0,79.3,Code.exe,15620,1.0,0.7090068245171832
1751954195,10.0,79.3,ChatGPT.exe,15708,1.7,1.008295931264357
1751954195,10.0,79.3,python.exe,16452,7.5,0.4809908488879021
1751954195,10.0,79.3,dwm.exe,18536,14.0,1.169198592047302
1751954195,10.0,79.3,Spotify.exe,25136,1.2,1.6366700380526449
1751954195,10.0,79.3,Code.exe,27800,1.0,1.7685749098263082
1751954195,10.0,79.3,msedgewebview2.exe,28996,22.7,0.2926624226866706
1751954195,10.0,79.3,msedgewebview2.exe,29216,4.1,0.5989893581258383
1751954202,12.2,79.3,System Idle Process,0,701.5,4.836995664600786e-05
1751954202,12.2,79.3,System,4,5.8,0.04916806093066699
1751954202,12.2,79.3,svchost.exe,2192,1.2,0.0480071819711628
1751954202,12.2,79.3,MsMpEng.exe,5904,4.8,1.7486223027098302
1751954202,12.2,79.3,Code.exe,15620,1.0,0.7093212292353822
1751954202,12.2,79.3,ChatGPT.exe,15708,2.7,1.008295931264357
1751954202,12.2,79.3,python.exe,16452,7.2,0.4809908488879021
1751954202,12.2,79.3,chrome.exe,16732,5.6,1.2543055307659527
1751954202,12.2,79.3,explorer.exe,18404,1.2,2.4084368813180235
1751954202,12.2,79.3,dwm.exe,18536,15.7,1.169222777025625
1751954202,12.2,79.3,WmiPrvSE.exe,18728,1.4,0.08752543655095121
1751954202,12.2,79.3,Spotify.exe,25136,2.9,1.636742592987614
1751954202,12.2,79.3,Spotify.exe,25920,1.7,2.480677411568836
1751954202,12.2,79.3,Code.exe,27800,1.4,1.785649504522349
1751954202,12.2,79.3,msedgewebview2.exe,28996,20.7,0.3095919075127733
1751954202,12.2,79.3,msedgewebview2.exe,29216,4.3,0.6043826082918682
1751954208,15.7,79.2,System Idle Process,0,697.8,4.836995664600786e-05
1751954208,15.7,79.2,System,4,7.2,0.04916806093066699
1751954208,15.7,79.2,mysqld.exe,1044,1.0,0.023217579190083774
1751954208,15.7,79.2,WhatsApp.exe,1748,1.0,1.6062937052789519
1751954208,15.7,79.2,svchost.exe,2708,1.0,0.05591566988278508
1751954208,15.7,79.2,svchost.exe,4632,1.0,0.08655803741803107
1751954208,15.7,79.2,MsMpEng.exe,5904,5.5,1.7310881934256523
1751954208,15.7,79.2,Code.exe,12184,1.2,1.643514386918055
1751954208,15.7,79.2,ChatGPT.exe,15708,2.2,1.008295931264357
1751954208,15.7,79.2,python.exe,16452,7.5,0.48101503386622513
1751954208,15.7,79.2,dwm.exe,18536,14.9,1.169198592047302
1751954208,15.7,79.2,WmiPrvSE.exe,18728,1.0,0.08752543655095121
1751954208,15.7,79.2,Code.exe,27800,5.8,1.7309430835557142
1751954208,15.7,79.2,Code.exe,28292,1.0,0.972381238454696
1751954208,15.7,79.2,msedgewebview2.exe,28996,22.4,0.3100030521442644
1751954208,15.7,79.2,msedgewebview2.exe,29216,5.1,0.5995697976055904
1751954215,7.9,79.2,System Idle Process,0,721.2,4.836995664600786e-05
1751954215,7.9,79.2,System,4,3.9,0.04916806093066699
1751954215,7.9,79.2,MsMpEng.exe,5904,2.4,1.7350303448923017
1751954215,7.9,79.2,Code.exe,12184,1.0,1.643103242286564
1751954215,7.9,79.2,ChatGPT.exe,15708,1.4,1.008295931264357
1751954215,7.9,79.2,python.exe,16452,7.0,0.48101503386622513
1751954215,7.9,79.2,dwm.exe,18536,14.2,1.169198592047302
1751954215,7.9,79.2,Spotify.exe,25136,1.0,1.636815147922583
1751954215,7.9,79.2,Code.exe,27800,1.7,1.7307496037291301
1751954215,7.9,79.2,msedgewebview2.exe,28996,21.5,0.3132680242178699
1751954215,7.9,79.2,msedgewebview2.exe,29216,3.6,0.6004404568252185
1751954221,9.7,79.3,System Idle Process,0,712.5,4.836995664600786e-05
1751954221,9.7,79.3,System,4,4.8,0.04916806093066699
1751954221,9.7,79.3,svchost.exe,5420,1.2,0.264994807485154
1751954221,9.7,79.3,MsMpEng.exe,5904,4.8,1.7421407285192652
1751954221,9.7,79.3,ChatGPT.exe,15708,1.5,1.0081750063727417
1751954221,9.7,79.3,python.exe,16452,7.5,0.48101503386622513
1751954221,9.7,79.3,explorer.exe,18404,2.2,2.408775471014545
1751954221,9.7,79.3,dwm.exe,18536,14.3,1.169246962003948
1751954221,9.7,79.3,WmiPrvSE.exe,18728,1.2,0.08754962152927422
1751954221,9.7,79.3,Spotify.exe,25136,1.7,1.6367184080092907
1751954221,9.7,79.3,Code.exe,27800,1.7,1.7366749234182661
1751954221,9.7,79.3,Code.exe,28292,1.0,0.972453793389665
1751954221,9.7,79.3,msedgewebview2.exe,28996,21.9,0.3133889491094849
1751954221,9.7,79.3,msedgewebview2.exe,29216,3.1,0.5995214276489443
1751954228,10.7,79.3,System Idle Process,0,705.1,4.836995664600786e-05
1751954228,10.7,79.3,System,4,3.6,0.04916806093066699
1751954228,10.7,79.3,mysqld.exe,1044,1.4,0.023217579190083774
1751954228,10.7,79.3,MsMpEng.exe,5904,4.5,1.7831826367334027
1751954228,10.7,79.3,Code.exe,6032,2.6,1.1462470476187712
1751954228,10.7,79.3,ChatGPT.exe,15708,2.1,1.0083926711776487
1751954228,10.7,79.3,python.exe,16452,8.1,0.48101503386622513
1751954228,10.7,79.3,explorer.exe,18404,1.4,2.408775471014545
1751954228,10.7,79.3,dwm.exe,18536,15.5,1.169150222090656
1751954228,10.7,79.3,WmiPrvSE.exe,18728,1.2,0.08752543655095121
1751954228,10.7,79.3,Spotify.exe,25136,1.0,1.6368393329009059
1751954228,10.7,79.3,Code.exe,27800,6.4,1.7414393641478978
1751954228,10.7,79.3,msedgewebview2.exe,28996,18.9,0.313775908762653
1751954228,10.7,79.3,msedgewebview2.exe,29216,3.8,0.6012385611098777
1751954234,11.8,79.3,System Idle Process,0,705.5,4.836995664600786e-05
1751954234,11.8,79.3,System,4,3.1,0.04919224590898999
1751954234,11.8,79.3,MsMpEng.exe,5904,5.1,1.7890837714442158
1751954234,11.8,79.3,Code.exe,6032,1.2,1.156283813622818
1751954234,11.8,79.3,ChatGPT.exe,15708,2.2,1.0083684861993258
1751954234,11.8,79.3,python.exe,16452,7.5,0.48101503386622513
1751954234,11.8,79.3,explorer.exe,18404,1.0,2.408775471014545
1751954234,11.8,79.3,dwm.exe,18536,12.8,1.169246962003948
1751954234,11.8,79.3,WmiPrvSE.exe,18728,1.7,0.08752543655095121
1751954234,11.8,79.3,Spotify.exe,25136,1.7,1.636694223030968
1751954234,11.8,79.3,Spotify.exe,25920,7.0,2.468923512103856
1751954234,11.8,79.3,Code.exe,27800,1.7,1.747775828468525
1751954234,11.8,79.3,msedgewebview2.exe,28996,18.3,0.313800093740976
1751954234,11.8,79.3,msedgewebview2.exe,29216,4.3,0.6023994400693818
1751954241,12.5,79.2,System Idle Process,0,690.6,4.836995664600786e-05
1751954241,12.5,79.2,System,4,3.4,0.04919224590898999
1751954241,12.5,79.2,WhatsApp.exe,1748,1.0,1.606366260213921
1751954241,12.5,79.2,MsMpEng.exe,5904,5.6,1.7526128241331258
1751954241,12.5,79.2,Code.exe,6032,1.0,1.169392071873886
1751954241,12.5,79.2,Code.exe,12184,1.0,1.6433934620264399
1751954241,12.5,79.2,ChatGPT.exe,15708,1.7,1.0083926711776487
1751954241,12.5,79.2,python.exe,16452,7.2,0.48101503386622513
1751954241,12.5,79.2,chrome.exe,17508,18.8,1.4822489514602648
1751954241,12.5,79.2,explorer.exe,18404,2.9,2.408775471014545
1751954241,12.5,79.2,dwm.exe,18536,15.3,1.169126037112333
1751954241,12.5,79.2,WmiPrvSE.exe,18728,1.2,0.08752543655095121
1751954241,12.5,79.2,Spotify.exe,25136,1.0,1.6367184080092907
1751954241,12.5,79.2,Code.exe,27800,1.9,1.7493236670811971
1751954241,12.5,79.2,msedgewebview2.exe,28996,22.2,0.31430797828575907
1751954241,12.5,79.2,msedgewebview2.exe,29216,5.1,0.6040682035736692
1751954247,11.0,79.1,System Idle Process,0,717.1,4.836995664600786e-05
1751954247,11.0,79.1,System,4,2.4,0.04919224590898999
1751954247,11.0,79.1,svchost.exe,4632,1.0,0.08452649923889874
1751954247,11.0,79.1,MsMpEng.exe,5904,4.1,1.7198179935271323
1751954247,11.0,79.1,Code.exe,6032,1.0,1.156404738514433
1751954247,11.0,79.1,ChatGPT.exe,15708,2.9,1.0084168561559719
1751954247,11.0,79.1,python.exe,16452,7.2,0.48101503386622513
1751954247,11.0,79.1,explorer.exe,18404,1.9,2.405703978767524
1751954247,11.0,79.1,dwm.exe,18536,13.3,1.169222777025625
1751954247,11.0,79.1,WmiPrvSE.exe,18728,1.0,0.08754962152927422
1751954247,11.0,79.1,Code.exe,27800,1.4,1.755611761445178
1751954247,11.0,79.1,msedgewebview2.exe,28996,18.4,0.31457401304731214
1751954247,11.0,79.1,msedgewebview2.exe,29216,5.1,0.6141049695777158
1751954254,11.8,79.2,System Idle Process,0,718.8,4.836995664600786e-05
1751954254,11.8,79.2,System,4,3.4,0.04919224590898999
1751954254,11.8,79.2,svchost.exe,2708,1.0,0.054754790923280894
1751954254,11.8,79.2,MsMpEng.exe,5904,4.3,1.7396738607303186
1751954254,11.8,79.2,Code.exe,6032,1.0,1.1560419638395878
1751954254,11.8,79.2,ChatGPT.exe,15708,1.4,1.008295931264357
1751954254,11.8,79.2,python.exe,16452,7.0,0.48101503386622513
1751954254,11.8,79.2,dwm.exe,18536,11.8,1.169246962003948
1751954254,11.8,79.2,msedgewebview2.exe,28996,18.4,0.31457401304731214
1751954254,11.8,79.2,msedgewebview2.exe,29216,4.6,0.615241663558897
1751954260,8.8,79.3,System Idle Process,0,711.3,4.836995664600786e-05
1751954260,8.8,79.3,System,4,3.6,0.04919224590898999
1751954260,8.8,79.3,mysqld.exe,1044,1.2,0.023217579190083774
1751954260,8.8,79.3,svchost.exe,4632,1.0,0.08266425590802744
1751954260,8.8,79.3,MsMpEng.exe,5904,2.2,1.7470744640971578
1751954260,8.8,79.3,Code.exe,12184,4.3,1.6711336321629255
1751954260,8.8,79.3,ChatGPT.exe,15708,1.9,1.0084168561559719
1751954260,8.8,79.3,python.exe,16452,7.5,0.48103921884454814
1751954260,8.8,79.3,explorer.exe,18404,1.9,2.4041319551765286
1751954260,8.8,79.3,dwm.exe,18536,12.3,1.169126037112333
1751954260,8.8,79.3,WmiPrvSE.exe,18728,1.2,0.0874286966376592
1751954260,8.8,79.3,Spotify.exe,25136,1.7,1.636452373247738
1751954260,8.8,79.3,Code.exe,27800,2.4,1.7645602034246897
1751954260,8.8,79.3,msedgewebview2.exe,28996,22.5,0.3150093426571262
1751954260,8.8,79.3,msedgewebview2.exe,29216,3.9,0.6164992824316932
1751954267,8.9,79.3,System Idle Process,0,709.7,4.836995664600786e-05
1751954267,8.9,79.3,System,4,4.6,0.04919224590898999
1751954267,8.9,79.3,mysqld.exe,1044,1.0,0.023217579190083774
1751954267,8.9,79.3,svchost.exe,2192,1.0,0.04781370214457877
1751954267,8.9,79.3,MsMpEng.exe,5904,3.9,1.7540639228325061
1751954267,8.9,79.3,Code.exe,6032,1.4,1.1663689495835106
1751954267,8.9,79.3,Code.exe,12184,1.9,1.68131550803691
1751954267,8.9,79.3,EXCEL.EXE,15444,1.4,1.5210174717120402
1751954267,8.9,79.3,ChatGPT.exe,15708,2.2,1.0084168561559719
1751954267,8.9,79.3,python.exe,16452,7.5,0.48103921884454814
1751954267,8.9,79.3,explorer.exe,18404,1.9,2.399464254360189
1751954267,8.9,79.3,dwm.exe,18536,13.1,1.169271146982271
1751954267,8.9,79.3,WmiPrvSE.exe,18728,1.2,0.08747706659430521
1751954267,8.9,79.3,Spotify.exe,25136,1.9,1.636452373247738
1751954267,8.9,79.3,Code.exe,27800,1.4,1.7695423089592284
1751954267,8.9,79.3,msedgewebview2.exe,28996,25.8,0.3151786375053872
1751954267,8.9,79.3,msedgewebview2.exe,29216,5.5,0.6182889708275955
1751954273,23.2,79.2,System Idle Process,0,696.3,4.836995664600786e-05
1751954273,23.2,79.2,System,4,4.1,0.04919224590898999
1751954273,23.2,79.2,services.exe,1128,1.2,0.04967594547545007
1751954273,23.2,79.2,svchost.exe,2708,1.0,0.05603659477440011
1751954273,23.2,79.2,MsMpEng.exe,5904,7.4,1.7244373243868263
1751954273,23.2,79.2,Code.exe,6032,2.6,1.1798883524660697
1751954273,23.2,79.2,ChatGPT.exe,15708,1.4,1.0084168561559719
1751954273,23.2,79.2,python.exe,16452,7.9,0.4810875888011942
1751954273,23.2,79.2,explorer.exe,18404,2.6,2.400262358644848
1751954273,23.2,79.2,dwm.exe,18536,17.1,1.1716412748579252
1751954273,23.2,79.2,WUDFHost.exe,20944,1.4,0.03990521423295649
1751954273,23.2,79.2,Code.exe,27800,4.8,1.73614285389516
1751954273,23.2,79.2,msedgewebview2.exe,28996,20.8,0.31556559715855526
1751954273,23.2,79.2,msedgewebview2.exe,29216,4.5,0.6195707746787147
1751954280,9.7,79.1,System Idle Process,0,670.2,4.836995664600786e-05
1751954280,9.7,79.1,System,4,5.9,0.04919224590898999
1751954280,9.7,79.1,chrome.exe,1408,3.1,1.3865731772144614
1751954280,9.7,79.1,svchost.exe,1940,1.0,0.0787704743980238
1751954280,9.7,79.1,TextInputHost.exe,3568,1.0,1.5792307145355104
1751954280,9.7,79.1,MemCompression,3644,11.9,4.665935312922179
1751954280,9.7,79.1,MsMpEng.exe,5904,1.9,1.7320314075802492
1751954280,9.7,79.1,Code.exe,6032,3.3,1.157952577127105
1751954280,9.7,79.1,chrome.exe,9440,4.8,1.5693148734230788
1751954280,9.7,79.1,ChatGPT.exe,15708,2.6,1.0080540814811267
1751954280,9.7,79.1,python.exe,16452,7.7,0.4810875888011942
1751954280,9.7,79.1,chrome.exe,17508,9.6,1.5744662738058788
1751954280,9.7,79.1,explorer.exe,18404,5.0,2.401181387821122
1751954280,9.7,79.1,dwm.exe,18536,24.0,1.225718886388162
1751954280,9.7,79.1,WmiPrvSE.exe,18728,1.0,0.08747706659430521
1751954280,9.7,79.1,Code.exe,18856,1.0,0.9732035277176782
1751954280,9.7,79.1,WUDFHost.exe,20944,2.6,0.0400261391245715
1751954280,9.7,79.1,Code.exe,27800,2.4,1.7507505808022543
1751954280,9.7,79.1,msedgewebview2.exe,28996,15.5,0.31554141218023224
1751954280,9.7,79.1,msedgewebview2.exe,29216,1.7,0.6170797219114452
1751954286,19.0,79.3,System Idle Process,0,680.2,4.836995664600786e-05
1751954286,19.0,79.3,System,4,4.3,0.04919224590898999
1751954286,19.0,79.3,chrome.exe,1408,6.9,1.5284422600572023
1751954286,19.0,79.3,MsMpEng.exe,5904,3.7,1.7406896298198848
1751954286,19.0,79.3,Code.exe,6032,2.6,1.0539329853598651
1751954286,19.0,79.3,chrome.exe,9440,7.7,1.5907427642172605
1751954286,19.0,79.3,ChatGPT.exe,15708,3.5,1.0084168561559719
1751954286,19.0,79.3,python.exe,16452,10.3,0.4810875888011942
1751954286,19.0,79.3,chrome.exe,17508,15.3,1.662330300053352
1751954286,19.0,79.3,explorer.exe,18404,2.3,2.402197156910688
1751954286,19.0,79.3,dwm.exe,18536,16.1,1.163079792531582
1751954286,19.0,79.3,chrome.exe,19528,2.6,0.4163202168521897
1751954286,19.0,79.3,msedge.exe,21876,1.2,1.1130168874029638
1751954286,19.0,79.3,Code.exe,27800,2.3,1.741173329386345
1751954286,19.0,79.3,msedgewebview2.exe,28996,16.5,0.31602511174669234
1751954286,19.0,79.3,msedgewebview2.exe,29216,4.9,0.6163783575400782
1751954293,11.0,79.6,System Idle Process,0,661.5,4.836995664600786e-05
1751954293,11.0,79.6,System,4,20.0,0.04919224590898999
1751954293,11.0,79.6,chrome.exe,1408,7.0,1.495502319581271
1751954293,11.0,79.6,svchost.exe,1940,4.2,0.0787704743980238
1751954293,11.0,79.6,svchost.exe,4632,1.2,0.08276099582131945
1751954293,11.0,79.6,MsMpEng.exe,5904,3.5,1.7386339066624295
1751954293,11.0,79.6,Code.exe,6032,1.7,1.0011129927024247
1751954293,11.0,79.6,chrome.exe,9440,13.2,1.5834872707203593
1751954293,11.0,79.6,python.exe,16452,9.2,0.4810875888011942
1751954293,11.0,79.6,chrome.exe,16732,4.0,1.3272474253881328
1751954293,11.0,79.6,chrome.exe,17508,1.4,1.6637088438177634
1751954293,11.0,79.6,dwm.exe,18536,12.9,1.1440462145913777
1751954293,11.0,79.6,chrome.exe,20616,7.5,0.7254042398201799
1751954293,11.0,79.6,msedge.exe,21876,1.2,1.1107434994406016
1751954293,11.0,79.6,Spotify.exe,25136,1.2,1.6364281882694147
1751954293,11.0,79.6,Code.exe,27800,1.2,1.7433741624137382
1751954293,11.0,79.6,msedgewebview2.exe,28996,13.2,0.3162911465082454
1751954293,11.0,79.6,msedgewebview2.exe,29216,1.7,0.6172490167597063
1751954300,9.5,79.3,System Idle Process,0,696.9,4.836995664600786e-05
1751954300,9.5,79.3,System,4,5.0,0.04919224590898999
1751954300,9.5,79.3,chrome.exe,1408,1.2,1.3386869201349134
1751954300,9.5,79.3,svchost.exe,1940,5.7,0.0787704743980238
1751954300,9.5,79.3,MsMpEng.exe,5904,1.7,1.716915796128372
1751954300,9.5,79.3,Code.exe,6032,2.4,1.0011371776807476
1751954300,9.5,79.3,chrome.exe,9440,6.2,1.5797869690369397
1751954300,9.5,79.3,ChatGPT.exe,15708,1.9,1.0084168561559719
1751954300,9.5,79.3,python.exe,16452,8.8,0.4810875888011942
1751954300,9.5,79.3,explorer.exe,18404,1.9,2.4024390066939185
1751954300,9.5,79.3,dwm.exe,18536,14.3,1.1441429545046697
1751954300,9.5,79.3,WmiPrvSE.exe,18728,1.2,0.08689662711455312
1751954300,9.5,79.3,chrome.exe,20616,3.3,0.7186082609114157
1751954300,9.5,79.3,WUDFHost.exe,20944,2.9,0.0400261391245715
1751954300,9.5,79.3,msedge.exe,21876,1.2,1.1107434994406016
1751954300,9.5,79.3,msedgewebview2.exe,28996,16.4,0.3165329962914754
1751954300,9.5,79.3,msedgewebview2.exe,29216,3.1,0.6188694103073475
1751954306,9.6,79.2,System Idle Process,0,700.0,4.836995664600786e-05
1751954306,9.6,79.2,System,4,1.7,0.04919224590898999
1751954306,9.6,79.2,svchost.exe,1940,2.1,0.0787704743980238
1751954306,9.6,79.2,MsMpEng.exe,5904,2.1,1.710264927089546
1751954306,9.6,79.2,Code.exe,6032,1.4,1.0011371776807476
1751954306,9.6,79.2,chrome.exe,9440,2.6,1.5798837089502318
1751954306,9.6,79.2,EXCEL.EXE,15444,3.5,1.5211867665603012
1751954306,9.6,79.2,ChatGPT.exe,15708,2.6,1.0084168561559719
1751954306,9.6,79.2,python.exe,16452,9.2,0.4810875888011942
1751954306,9.6,79.2,explorer.exe,18404,1.7,2.4024631916722416
1751954306,9.6,79.2,dwm.exe,18536,13.5,1.1439252896997627
1751954306,9.6,79.2,chrome.exe,20616,6.4,0.7258879393866399
1751954306,9.6,79.2,WUDFHost.exe,20944,1.9,0.0400261391245715
1751954306,9.6,79.2,Spotify.exe,25136,1.2,1.6364281882694147
1751954306,9.6,79.2,Code.exe,27800,1.4,1.7425760581290792
1751954306,9.6,79.2,msedgewebview2.exe,28996,18.2,0.31658136624812144
1751954306,9.6,79.2,msedgewebview2.exe,29216,4.3,0.6204898038549889
1751954313,9.1,79.2,System Idle Process,0,711.6,4.836995664600786e-05
1751954313,9.1,79.2,System,4,2.8,0.04919224590898999
1751954313,9.1,79.2,svchost.exe,1940,1.7,0.0787704743980238
1751954313,9.1,79.2,MsMpEng.exe,5904,2.6,1.7221881214027865
1751954313,9.1,79.2,Code.exe,6032,3.3,1.0011613626590707
1751954313,9.1,79.2,chrome.exe,9440,4.9,1.5803190385600456
1751954313,9.1,79.2,ChatGPT.exe,15708,1.4,1.0084168561559719
1751954313,9.1,79.2,python.exe,16452,9.2,0.4810875888011942
1751954313,9.1,79.2,explorer.exe,18404,1.2,2.4031645560436083
1751954313,9.1,79.2,dwm.exe,18536,13.6,1.1433932201766568
1751954313,9.1,79.2,chrome.exe,20616,4.7,0.7267102286496221
1751954313,9.1,79.2,WUDFHost.exe,20944,3.3,0.0400261391245715
1751954313,9.1,79.2,Code.exe,27800,2.6,1.7474372387720027
1751954313,9.1,79.2,msedgewebview2.exe,28996,14.4,0.3168957709663205
1751954313,9.1,79.2,msedgewebview2.exe,29216,3.8,0.621723237749462
1751954319,7.0,79.2,System Idle Process,0,702.6,4.836995664600786e-05
1751954319,7.0,79.2,System,4,3.3,0.04919224590898999
1751954319,7.0,79.2,mysqld.exe,1044,1.2,0.023217579190083774
1751954319,7.0,79.2,chrome.exe,1408,2.8,1.409814941382868
1751954319,7.0,79.2,svchost.exe,1940,1.4,0.0787704743980238
1751954319,7.0,79.2,MsMpEng.exe,5904,1.7,1.7147149631009786
1751954319,7.0,79.2,Code.exe,6032,1.7,1.0011855476373936
1751954319,7.0,79.2,chrome.exe,9440,2.1,1.5792790844921565
1751954319,7.0,79.2,ChatGPT.exe,15708,2.1,1.0083201162426798
1751954319,7.0,79.2,python.exe,16452,8.6,0.4810875888011942
1751954319,7.0,79.2,explorer.exe,18404,1.4,2.4031887410219315
1751954319,7.0,79.2,dwm.exe,18536,15.6,1.1426676708269667
1751954319,7.0,79.2,WmiPrvSE.exe,18728,1.2,0.08716266187610616
1751954319,7.0,79.2,chrome.exe,20616,5.7,0.6456663662892359
1751954319,7.0,79.2,WUDFHost.exe,20944,1.2,0.0400261391245715
1751954319,7.0,79.2,Code.exe,27800,2.4,1.746808429335605
1751954319,7.0,79.2,msedgewebview2.exe,28996,16.8,0.31704088083625853
1751954319,7.0,79.2,msedgewebview2.exe,29216,4.7,0.6235371111236873
1751954326,8.0,79.2,System Idle Process,0,712.6,4.836995664600786e-05
1751954326,8.0,79.2,System,4,4.0,0.04919224590898999
1751954326,8.0,79.2,MsMpEng.exe,5904,2.6,1.766664296538791
1751954326,8.0,79.2,Code.exe,6032,1.7,1.0012097326157166
1751954326,8.0,79.2,chrome.exe,9440,3.5,1.5788921248389887
1751954326,8.0,79.2,python.exe,16452,9.6,0.48111177377951714
1751954326,8.0,79.2,chrome.exe,16732,5.2,1.2570142483381292
1751954326,8.0,79.2,dwm.exe,18536,15.8,1.1429578905668427
1751954326,8.0,79.2,chrome.exe,20616,3.8,0.6552194327268225
1751954326,8.0,79.2,WUDFHost.exe,20944,1.2,0.0400261391245715
1751954326,8.0,79.2,Code.exe,27800,2.1,1.7492269271679053
1751954326,8.0,79.2,msedgewebview2.exe,28996,16.7,0.3171859907061965
1751954326,8.0,79.2,msedgewebview2.exe,29216,4.7,0.6251091347146825
1751954333,12.3,79.3,System Idle Process,0,710.4,4.836995664600786e-05
1751954333,12.3,79.3,System,4,2.4,0.04919224590898999
1751954333,12.3,79.3,chrome.exe,1408,1.9,1.4268411661222629
1751954333,12.3,79.3,MsMpEng.exe,5904,2.4,1.7762899179113465
1751954333,12.3,79.3,Code.exe,6032,2.1,1.0012339175940397
1751954333,12.3,79.3,chrome.exe,9440,2.1,1.581528287476196
1751954333,12.3,79.3,ChatGPT.exe,15708,1.9,1.008295931264357
1751954333,12.3,79.3,python.exe,16452,9.6,0.48111177377951714
1751954333,12.3,79.3,explorer.exe,18404,1.4,2.403212926000254
1751954333,12.3,79.3,dwm.exe,18536,15.3,1.1485204355811336
1751954333,12.3,79.3,WmiPrvSE.exe,18728,1.2,0.08723521681107517
1751954333,12.3,79.3,chrome.exe,20616,2.4,0.6652803837091921
1751954333,12.3,79.3,Code.exe,27800,1.2,1.7491543722329361
1751954333,12.3,79.3,msedgewebview2.exe,28996,17.6,0.31733110057613456
1751954333,12.3,79.3,msedgewebview2.exe,29216,5.6,0.628253181896673
1751954339,11.3,79.3,System Idle Process,0,690.3,4.836995664600786e-05
1751954339,11.3,79.3,System,4,4.5,0.04919224590898999
1751954339,11.3,79.3,chrome.exe,1408,8.9,1.4350156887954382
1751954339,11.3,79.3,Code.exe,6032,2.8,1.0012339175940397
1751954339,11.3,79.3,chrome.exe,9440,2.8,1.581383177606258
1751954339,11.3,79.3,ChatGPT.exe,15708,1.4,1.008295931264357
1751954339,11.3,79.3,python.exe,16452,9.7,0.48111177377951714
1751954339,11.3,79.3,dwm.exe,18536,16.7,1.1455214982690811
1751954339,11.3,79.3,chrome.exe,20616,5.4,0.6764054737377739
1751954339,11.3,79.3,Code.exe,27800,2.6,1.7497348117126883
1751954339,11.3,79.3,msedgewebview2.exe,28996,18.2,0.3172343606628425
1751954339,11.3,79.3,msedgewebview2.exe,29216,4.5,0.6293656908995312
1751954346,10.9,79.3,System Idle Process,0,719.3,4.836995664600786e-05
1751954346,10.9,79.3,System,4,4.2,0.04919224590898999
1751954346,10.9,79.3,MsMpEng.exe,5904,2.6,1.766930331300344
1751954346,10.9,79.3,Code.exe,6032,2.6,1.0017901720954687
1751954346,10.9,79.3,chrome.exe,9440,4.5,1.583003571153899
1751954346,10.9,79.3,ChatGPT.exe,15708,2.6,1.008295931264357
1751954346,10.9,79.3,python.exe,16452,9.4,0.48111177377951714
1751954346,10.9,79.3,dwm.exe,18536,14.2,1.1501166441504518
1751954346,10.9,79.3,Code.exe,18856,1.4,0.9748964762002883
1751954346,10.9,79.3,chrome.exe,20616,1.4,0.677251947979079
1751954346,10.9,79.3,Code.exe,27800,3.5,1.759312063128598
1751954346,10.9,79.3,msedgewebview2.exe,28996,18.8,0.31759713533768763
1751954346,10.9,79.3,msedgewebview2.exe,29216,5.4,0.6313246741436945
1751954353,13.1,79.6,System Idle Process,0,680.7,4.836995664600786e-05
1751954353,13.1,79.6,System,4,4.9,0.04919224590898999
1751954353,13.1,79.6,chrome.exe,1408,5.4,1.668497469525718
1751954353,13.1,79.6,svchost.exe,1940,2.8,0.07867373448473178
1751954353,13.1,79.6,MsMpEng.exe,5904,1.2,1.7703404132438876
1751954353,13.1,79.6,Code.exe,6032,2.8,1.0287322379472952
1751954353,13.1,79.6,chrome.exe,9440,8.0,1.580972032974767
1751954353,13.1,79.6,ChatGPT.exe,15708,2.8,1.0083443012210027
1751954353,13.1,79.6,python.exe,16452,8.7,0.48111177377951714
1751954353,13.1,79.6,chrome.exe,17508,9.7,1.593185447027884
1751954353,13.1,79.6,explorer.exe,18404,1.7,2.4034789607618077
1751954353,13.1,79.6,dwm.exe,18536,16.5,1.1461744926838022
1751954353,13.1,79.6,WUDFHost.exe,20944,1.4,0.0400261391245715
1751954353,13.1,79.6,Code.exe,27800,3.3,1.7600134274999648
1751954353,13.1,79.6,msedgewebview2.exe,28996,16.3,0.3176455052943336
1751954353,13.1,79.6,msedgewebview2.exe,29216,4.0,0.6326548479514598
1751954359,25.3,77.9,System Idle Process,0,661.6,4.836995664600786e-05
1751954359,25.3,77.9,System,4,8.7,0.04919224590898999
1751954359,25.3,77.9,chrome.exe,1408,3.3,1.501983893771836
1751954359,25.3,77.9,svchost.exe,1940,1.4,0.07857699457143977
1751954359,25.3,77.9,svchost.exe,3412,8.7,0.05035312486849418
1751954359,25.3,77.9,MemCompression,3644,20.2,5.701390974843269
1751954359,25.3,77.9,MsMpEng.exe,5904,2.3,1.754862027117165
1751954359,25.3,77.9,Code.exe,6032,1.4,0.8894025778284695
1751954359,25.3,77.9,chrome.exe,9440,7.0,1.5648406524333234
1751954359,25.3,77.9,ChatGPT.exe,15708,1.4,1.0069899424349147
1751954359,25.3,77.9,python.exe,16452,9.9,0.48111177377951714
1751954359,25.3,77.9,chrome.exe,17508,15.7,1.6006586053296923
1751954359,25.3,77.9,dwm.exe,18536,13.6,1.132292315126398
1751954359,25.3,77.9,WUDFHost.exe,20944,2.4,0.03985684427631048
1751954359,25.3,77.9,msedge.exe,21876,1.2,1.10815570676004
1751954359,25.3,77.9,Code.exe,27800,1.4,1.6698518283118062
1751954359,25.3,77.9,msedgewebview2.exe,28996,15.1,0.3177180602293026
1751954359,25.3,77.9,msedgewebview2.exe,29216,2.6,0.633815726910964
1751954366,11.5,77.4,System Idle Process,0,688.7,4.836995664600786e-05
1751954366,11.5,77.4,System,4,5.0,0.04919224590898999
1751954366,11.5,77.4,chrome.exe,1408,3.8,1.371941265329044
1751954366,11.5,77.4,svchost.exe,1940,1.7,0.07857699457143977
1751954366,11.5,77.4,MemCompression,3644,1.6,5.787296017846579
1751954366,11.5,77.4,MsMpEng.exe,5904,1.2,1.7474856087286488
1751954366,11.5,77.4,Code.exe,6032,2.6,0.8894025778284695
1751954366,11.5,77.4,chrome.exe,9440,6.6,1.563292813820651
1751954366,11.5,77.4,ChatGPT.exe,15708,1.4,1.0066513527383925
1751954366,11.5,77.4,python.exe,16452,9.0,0.48111177377951714
1751954366,11.5,77.4,chrome.exe,17508,15.6,1.607768988956655
1751954366,11.5,77.4,explorer.exe,18404,1.4,2.2786119176801383
1751954366,11.5,77.4,dwm.exe,18536,15.3,1.1341545584572692
1751954366,11.5,77.4,WmiPrvSE.exe,18728,1.2,0.08716266187610616
1751954366,11.5,77.4,WUDFHost.exe,20944,3.3,0.03985684427631048
1751954366,11.5,77.4,Code.exe,27800,3.1,1.6715447767944165
1751954366,11.5,77.4,msedgewebview2.exe,28996,15.3,0.3176938752509796
1751954366,11.5,77.4,msedgewebview2.exe,29216,4.7,0.6456179963325899
1751954372,16.2,77.5,System Idle Process,0,660.5,4.836995664600786e-05
1751954372,16.2,77.5,System,4,4.5,0.04919224590898999
1751954372,16.2,77.5,chrome.exe,1408,1.4,1.4038412517370862
1751954372,16.2,77.5,WhatsApp.exe,1748,1.2,1.6051328263194478
1751954372,16.2,77.5,MsMpEng.exe,5904,5.2,1.7125141300735853
1751954372,16.2,77.5,Code.exe,6032,7.3,1.05211911198564
1751954372,16.2,77.5,chrome.exe,9440,2.1,1.564018363170341
1751954372,16.2,77.5,Code.exe,12184,1.7,1.446310073672281
1751954372,16.2,77.5,ChatGPT.exe,15708,3.6,1.0070141274132376
1751954372,16.2,77.5,python.exe,16452,8.1,0.48111177377951714
1751954372,16.2,77.5,explorer.exe,18404,4.0,2.27967605672635
1751954372,16.2,77.5,dwm.exe,18536,18.7,1.1354847322650345
1751954372,16.2,77.5,Code.exe,18856,4.3,0.8828242637246124
1751954372,16.2,77.5,WUDFHost.exe,20944,3.1,0.03985684427631048
1751954372,16.2,77.5,msedge.exe,21876,1.4,1.10815570676004
1751954372,16.2,77.5,Code.exe,27800,21.6,1.6704564527698813
1751954372,16.2,77.5,Code.exe,28292,1.0,0.818226186623869
1751954372,16.2,77.5,msedgewebview2.exe,28996,15.0,0.3180808349041477
1751954372,16.2,77.5,msedgewebview2.exe,29216,5.2,0.6473351297935231
1751954379,14.7,77.8,System Idle Process,0,677.2,4.836995664600786e-05
1751954379,14.7,77.8,System,4,5.5,0.04919224590898999
1751954379,14.7,77.8,svchost.exe,1940,1.7,0.07855280959311677
1751954379,14.7,77.8,MsMpEng.exe,5904,5.8,1.766204781950654
1751954379,14.7,77.8,Code.exe,6032,3.1,1.0396638481492928
1751954379,14.7,77.8,chrome.exe,9440,1.4,1.563244443864005
1751954379,14.7,77.8,Code.exe,12184,1.4,1.4478820972632762
1751954379,14.7,77.8,Spotify.exe,12216,1.2,0.2639306684389419
1751954379,14.7,77.8,ChatGPT.exe,15708,1.2,1.0070141274132376
1751954379,14.7,77.8,python.exe,16452,7.2,0.48111177377951714
1751954379,14.7,77.8,explorer.exe,18404,4.1,2.2802564962061025
1751954379,14.7,77.8,dwm.exe,18536,20.7,1.139547808623299
1751954379,14.7,77.8,WmiPrvSE.exe,18728,1.4,0.0874528816159822
1751954379,14.7,77.8,Code.exe,18856,2.7,0.8830177435511964
1751954379,14.7,77.8,WUDFHost.exe,20944,2.2,0.03985684427631048
1751954379,14.7,77.8,msedge.exe,21876,1.7,1.10815570676004
1751954379,14.7,77.8,Spotify.exe,25136,1.4,1.636863517879229
1751954379,14.7,77.8,Code.exe,27800,6.8,1.6696099785285763
1751954379,14.7,77.8,msedgewebview2.exe,28996,18.6,0.31812920486079366
1751954379,14.7,77.8,msedgewebview2.exe,29216,3.9,0.6487620435145804
1751954385,8.2,77.7,System Idle Process,0,703.3,4.836995664600786e-05
1751954385,8.2,77.7,System,4,4.6,0.04919224590898999
1751954385,8.2,77.7,MsMpEng.exe,5904,4.6,1.7736537552741392
1751954385,8.2,77.7,Code.exe,6032,1.9,1.0118027531211924
1751954385,8.2,77.7,chrome.exe,9440,1.2,1.56288166918916
1751954385,8.2,77.7,EXCEL.EXE,15444,1.0,1.5191794133594918
1751954385,8.2,77.7,ChatGPT.exe,15708,3.1,1.0070141274132376
1751954385,8.2,77.7,python.exe,16452,7.2,0.48111177377951714
1751954385,8.2,77.7,explorer.exe,18404,2.2,2.2803290511410714
1751954385,8.2,77.7,dwm.exe,18536,18.4,1.138677149403671
1751954385,8.2,77.7,WmiPrvSE.exe,18728,1.0,0.0874528816159822
1751954385,8.2,77.7,WUDFHost.exe,20944,1.2,0.039808474319664465
1751954385,8.2,77.7,msedge.exe,21876,1.2,1.10815570676004
1751954385,8.2,77.7,Spotify.exe,25136,1.0,1.638435541470224
1751954385,8.2,77.7,Code.exe,27800,3.1,1.6779537960500124
1751954385,8.2,77.7,msedgewebview2.exe,28996,18.4,0.3182259447740857
1751954385,8.2,77.7,msedgewebview2.exe,29216,4.3,0.6503582520838986
1751954392,16.3,77.6,System Idle Process,0,684.6,4.836995664600786e-05
1751954392,16.3,77.6,System,4,5.8,0.04919224590898999
1751954392,16.3,77.6,svchost.exe,2708,1.0,0.056109149709369116
1751954392,16.3,77.6,MsMpEng.exe,5904,6.2,1.8139701141385867
1751954392,16.3,77.6,Code.exe,6032,3.1,1.0162044191759791
1751954392,16.3,77.6,chrome.exe,9440,1.4,1.56288166918916
1751954392,16.3,77.6,ChatGPT.exe,15708,2.6,1.0070141274132376
1751954392,16.3,77.6,python.exe,16452,9.2,0.48111177377951714
1751954392,16.3,77.6,explorer.exe,18404,8.0,2.282795918930018
1751954392,16.3,77.6,dwm.exe,18536,17.8,1.1354121773300654
1751954392,16.3,77.6,Code.exe,18856,1.9,0.8852427615569128
1751954392,16.3,77.6,WUDFHost.exe,20944,1.2,0.039808474319664465
1751954392,16.3,77.6,Spotify.exe,25136,3.2,1.6404187096927105
1751954392,16.3,77.6,Spotify.exe,25920,2.3,2.4892388938951795
1751954392,16.3,77.6,Code.exe,27800,5.8,1.6909169444311427
1751954392,16.3,77.6,msedgewebview2.exe,28996,16.4,0.3183952396223467
1751954392,16.3,77.6,msedgewebview2.exe,29216,4.9,0.6450859268094837
1751954399,13.0,77.9,System Idle Process,0,642.5,4.836995664600786e-05
1751954399,13.0,77.9,System,4,5.8,0.04919224590898999
1751954399,13.0,77.9,svchost.exe,1940,1.4,0.07855280959311677
1751954399,13.0,77.9,svchost.exe,4496,11.2,0.16349045346350655
1751954399,13.0,77.9,MsMpEng.exe,5904,4.9,1.7898093207939059
1751954399,13.0,77.9,Code.exe,6032,3.3,1.0370760554687315
1751954399,13.0,77.9,Code.exe,12184,1.4,1.4484625367430284
1751954399,13.0,77.9,ChatGPT.exe,15708,2.8,1.0072076072398217
1751954399,13.0,77.9,python.exe,16452,7.8,0.4819582480208223
1751954399,13.0,77.9,explorer.exe,18404,2.6,2.282771733951695
1751954399,13.0,77.9,dwm.exe,18536,21.2,1.1475530364482134
1751954399,13.0,77.9,Code.exe,18856,1.2,0.8835739980526256
1751954399,13.0,77.9,WUDFHost.exe,20944,1.4,0.039808474319664465
1751954399,13.0,77.9,csrss.exe,21676,1.0,0.02848990446449863
1751954399,13.0,77.9,Spotify.exe,25136,2.7,1.63800021186041
1751954399,13.0,77.9,audiodg.exe,27064,5.1,0.1254232975830984
1751954399,13.0,77.9,Code.exe,27800,6.8,1.6656678270619267
1751954399,13.0,77.9,Code.exe,28292,1.0,0.8180568917756079
1751954399,13.0,77.9,msedgewebview2.exe,28996,15.2,0.31851616451396175
1751954399,13.0,77.9,msedgewebview2.exe,29216,6.3,0.6806378449442996
1751954399,13.0,77.9,ShellHost.exe,30256,6.5,0.9620542527107734
1751954405,10.9,77.9,System Idle Process,0,697.4,4.836995664600786e-05
1751954405,10.9,77.9,System,4,4.8,0.04919224590898999
1751954405,10.9,77.9,WhatsApp.exe,1748,1.0,1.6085670932413143
1751954405,10.9,77.9,MsMpEng.exe,5904,3.9,1.7949365361983827
1751954405,10.9,77.9,ChatGPT.exe,15708,2.7,1.0072076072398217
1751954405,10.9,77.9,python.exe,16452,7.5,0.4819824329991453
1751954405,10.9,77.9,explorer.exe,18404,2.7,2.27749940867728
1751954405,10.9,77.9,dwm.exe,18536,14.2,1.1417970116073384
1751954405,10.9,77.9,Code.exe,18856,1.0,0.8836707379659174
1751954405,10.9,77.9,Spotify.exe,25136,4.1,1.6383388015569322
1751954405,10.9,77.9,audiodg.exe,27064,5.0,0.12532655766980635
1751954405,10.9,77.9,Code.exe,27800,2.4,1.6631525893163344
1751954405,10.9,77.9,msedgewebview2.exe,28996,20.4,0.3183952396223467
1751954405,10.9,77.9,msedgewebview2.exe,29216,6.0,0.6508419516503587
1751960695,7.4,65.6,System Idle Process,0,721.9,4.836995664600786e-05
1751960695,7.4,65.6,System,4,2.1,0.049821055345388096
1751960695,7.4,65.6,mysqld.exe,1044,1.1,0.023556168886605826
1751960695,7.4,65.6,ChatGPT.exe,1464,1.4,2.1936259038531025
1751960695,7.4,65.6,svchost.exe,2736,1.2,0.1507449698872835
1751960695,7.4,65.6,python.exe,11276,7.4,0.4776775068576506
1751960695,7.4,65.6,ChatGPT.exe,15708,1.4,0.9390059683689506
1751960695,7.4,65.6,dwm.exe,18536,13.3,0.8336803877722685
1751960695,7.4,65.6,WmiPrvSE.exe,18728,1.2,0.09250754208549003
1751960695,7.4,65.6,ChatGPT.exe,23720,3.2,0.6115897318321234
1751960695,7.4,65.6,msedgewebview2.exe,28996,25.2,0.4172150610501408
1751960695,7.4,65.6,msedgewebview2.exe,29216,5.6,0.43419291583288955
1751960701,8.7,65.5,System Idle Process,0,712.4,4.836995664600786e-05
1751960701,8.7,65.5,System,4,3.4,0.049821055345388096
1751960701,8.7,65.5,svchost.exe,5420,1.0,0.2767245219718109
1751960701,8.7,65.5,python.exe,11276,6.8,0.4795397501885219
1751960701,8.7,65.5,Code.exe,13108,1.0,0.8051904833077698
1751960701,8.7,65.5,ChatGPT.exe,15708,1.5,0.9389817833906275
1751960701,8.7,65.5,Code.exe,17728,1.0,4.420965667488472
1751960701,8.7,65.5,explorer.exe,18404,3.2,2.320427745200612
1751960701,8.7,65.5,dwm.exe,18536,13.6,0.8159044287048606
1751960701,8.7,65.5,WmiPrvSE.exe,18728,1.0,0.09250754208549003
1751960701,8.7,65.5,Code.exe,19928,2.9,1.0553598990809223
1751960701,8.7,65.5,Code.exe,20968,2.4,1.9127657505880575
1751960701,8.7,65.5,ChatGPT.exe,23720,4.6,0.6115897318321234
1751960701,8.7,65.5,msedgewebview2.exe,28996,26.0,0.4174569108333708
1751960701,8.7,65.5,msedgewebview2.exe,29216,7.3,0.43274181713350934
1751960707,10.6,65.5,System Idle Process,0,702.6,4.836995664600786e-05
1751960707,10.6,65.5,System,4,4.1,0.049821055345388096
1751960707,10.6,65.5,mysqld.exe,1044,1.5,0.023556168886605826
1751960707,10.6,65.5,ChatGPT.exe,1464,2.4,2.1937468287447177
1751960707,10.6,65.5,svchost.exe,2708,1.2,0.06060755567744785
1751960707,10.6,65.5,chrome.exe,7952,1.0,0.8879756641074124
1751960707,10.6,65.5,python.exe,11276,6.8,0.479636490101814
1751960707,10.6,65.5,ChatGPT.exe,15708,1.0,0.9389817833906275
1751960707,10.6,65.5,chrome.exe,16732,1.2,1.1609998843958036
1751960707,10.6,65.5,Code.exe,17728,1.7,4.38979123043012
1751960707,10.6,65.5,explorer.exe,18404,2.2,2.320185895417382
1751960707,10.6,65.5,dwm.exe,18536,13.4,0.8159527986615065
1751960707,10.6,65.5,chrome.exe,19528,1.2,0.4099595675532396
1751960707,10.6,65.5,Code.exe,19928,3.2,1.0553357141025994
1751960707,10.6,65.5,Code.exe,20968,2.9,1.9119676463033985
1751960707,10.6,65.5,ChatGPT.exe,23720,3.6,0.6115897318321234
1751960707,10.6,65.5,chrome.exe,27480,1.7,0.7591664695590934
1751960707,10.6,65.5,Code.exe,28588,1.7,0.7672200673406537
1751960707,10.6,65.5,msedgewebview2.exe,28996,29.2,0.4173601709200788
1751960707,10.6,65.5,msedgewebview2.exe,29216,7.1,0.43387851111469045
1751960714,8.2,65.5,System Idle Process,0,717.5,4.836995664600786e-05
1751960714,8.2,65.5,System,4,1.9,0.049821055345388096
1751960714,8.2,65.5,chrome.exe,9440,1.0,1.5337145853316172
1751960714,8.2,65.5,python.exe,11276,6.6,0.4797090450367829
1751960714,8.2,65.5,ChatGPT.exe,15708,1.2,0.9389817833906275
1751960714,8.2,65.5,explorer.exe,18404,1.5,2.319919860655829
1751960714,8.2,65.5,dwm.exe,18536,13.4,0.8159769836398295
1751960714,8.2,65.5,WmiPrvSE.exe,18728,1.0,0.0928703167603351
1751960714,8.2,65.5,chrome.exe,19528,1.0,0.41099952162112874
1751960714,8.2,65.5,Code.exe,19928,2.7,1.0552873441459534
1751960714,8.2,65.5,Code.exe,20968,2.2,1.913733149720978
1751960714,8.2,65.5,ChatGPT.exe,23720,3.9,0.6115897318321234
1751960714,8.2,65.5,chrome.exe,27480,1.5,0.7610528978682876
1751960714,8.2,65.5,msedgewebview2.exe,28996,23.1,0.4176745756382778
1751960714,8.2,65.5,msedgewebview2.exe,29216,6.6,0.4364904887735749
1751960720,9.5,65.5,System Idle Process,0,721.2,4.836995664600786e-05
1751960720,9.5,65.5,System,4,4.4,0.049821055345388096
1751960720,9.5,65.5,mysqld.exe,1044,1.2,0.023556168886605826
1751960720,9.5,65.5,svchost.exe,2708,1.0,0.060510815764155824
1751960720,9.5,65.5,svchost.exe,7764,1.0,0.11722458993160005
1751960720,9.5,65.5,chrome.exe,7952,2.7,0.8716508037393846
1751960720,9.5,65.5,python.exe,11276,6.6,0.480241114559889
1751960720,9.5,65.5,ChatGPT.exe,15708,1.7,0.9388608584990126
1751960720,9.5,65.5,dwm.exe,18536,13.4,0.8159044287048606
1751960720,9.5,65.5,Code.exe,19928,2.7,1.0553598990809223
1751960720,9.5,65.5,ChatGPT.exe,23720,2.7,0.6115897318321234
1751960720,9.5,65.5,msedgewebview2.exe,28996,23.6,0.41779550052989284
1751960720,9.5,65.5,msedgewebview2.exe,29216,5.6,0.43740951794984906
1751960727,8.3,65.5,System Idle Process,0,726.3,4.836995664600786e-05
1751960727,8.3,65.5,System,4,1.0,0.049821055345388096
1751960727,8.3,65.5,svchost.exe,4632,1.0,0.08694499707119913
1751960727,8.3,65.5,svchost.exe,7764,1.0,0.11724877490992304
1751960727,8.3,65.5,python.exe,11276,6.8,0.480289484516535
1751960727,8.3,65.5,ChatGPT.exe,15708,2.4,0.9388850434773355
1751960727,8.3,65.5,chrome.exe,16732,5.3,1.08859005929673
1751960727,8.3,65.5,explorer.exe,18404,1.9,2.3170660332137145
1751960727,8.3,65.5,dwm.exe,18536,13.3,0.8159286136831836
1751960727,8.3,65.5,WmiPrvSE.exe,18728,1.2,0.09236243221555201
1751960727,8.3,65.5,Code.exe,19928,1.9,1.0553115291242765
1751960727,8.3,65.5,Code.exe,20968,2.2,1.9178204110575656
1751960727,8.3,65.5,ChatGPT.exe,23720,2.9,0.6115655468538004
1751960727,8.3,65.5,msedgewebview2.exe,28996,24.2,0.4176745756382778
1751960727,8.3,65.5,msedgewebview2.exe,29216,3.9,0.43895735656252133
1751960727,8.3,65.5,chrome.exe,29668,1.7,0.8272229985600263
1751960733,10.0,65.5,System Idle Process,0,710.7,4.836995664600786e-05
1751960733,10.0,65.5,System,4,1.7,0.049821055345388096
1751960733,10.0,65.5,mysqld.exe,1044,1.5,0.023556168886605826
1751960733,10.0,65.5,ChatGPT.exe,1464,1.2,2.1942063433328545
1751960733,10.0,65.5,python.exe,11276,6.6,0.480313669494858
1751960733,10.0,65.5,ChatGPT.exe,15708,1.0,0.9384980838241676
1751960733,10.0,65.5,explorer.exe,18404,2.2,2.316993478278745
1751960733,10.0,65.5,dwm.exe,18536,14.1,0.8158076887915686
1751960733,10.0,65.5,Code.exe,19928,3.6,1.0552873441459534
1751960733,10.0,65.5,Code.exe,20968,2.4,1.914434514092345
1751960733,10.0,65.5,ChatGPT.exe,23720,3.6,0.6115171768971543
1751960733,10.0,65.5,msedgewebview2.exe,28996,25.1,0.4179889803564769
1751960733,10.0,65.5,msedgewebview2.exe,29216,8.0,0.4406986750017776
1751960740,9.9,65.5,System Idle Process,0,718.3,4.836995664600786e-05
1751960740,9.9,65.5,System,4,2.4,0.049821055345388096
1751960740,9.9,65.5,ChatGPT.exe,1464,1.0,2.1943030832461465
1751960740,9.9,65.5,svchost.exe,4632,1.0,0.0867998872012611
1751960740,9.9,65.5,svchost.exe,5372,1.5,0.19094040386011601
1751960740,9.9,65.5,python.exe,11276,6.8,0.480362039451504
1751960740,9.9,65.5,ChatGPT.exe,15708,1.7,0.9388850434773355
1751960740,9.9,65.5,explorer.exe,18404,1.0,2.316993478278745
1751960740,9.9,65.5,dwm.exe,18536,12.9,0.8158560587482145
1751960740,9.9,65.5,WmiPrvSE.exe,18728,1.5,0.09219313736729097
1751960740,9.9,65.5,Code.exe,19928,3.4,1.0553115291242765
1751960740,9.9,65.5,Code.exe,20968,1.0,1.918545960407256
1751960740,9.9,65.5,ChatGPT.exe,23720,3.4,0.6115171768971543
1751960740,9.9,65.5,chrome.exe,27480,2.9,0.7552001331141206
1751960740,9.9,65.5,msedgewebview2.exe,28996,24.3,0.41810990524809194
1751960740,9.9,65.5,msedgewebview2.exe,29216,6.1,0.4419321088962508
1751960746,6.8,65.5,System Idle Process,0,714.1,4.836995664600786e-05
1751960746,6.8,65.5,System,4,2.2,0.049821055345388096
1751960746,6.8,65.5,ChatGPT.exe,1464,1.0,2.1944481931160844
1751960746,6.8,65.5,svchost.exe,2708,1.0,0.059253196891359626
1751960746,6.8,65.5,MsMpEng.exe,5904,1.0,1.6378551019904721
1751960746,6.8,65.5,chrome.exe,7952,1.0,0.8855813512534348
1751960746,6.8,65.5,chrome.exe,9440,1.2,1.5341015449847852
1751960746,6.8,65.5,python.exe,11276,6.6,0.479999264776659
1751960746,6.8,65.5,ChatGPT.exe,15708,2.4,0.9388850434773355
1751960746,6.8,65.5,chrome.exe,16732,3.9,1.0668961337409955
1751960746,6.8,65.5,Code.exe,17728,4.1,4.38519608454875
1751960746,6.8,65.5,dwm.exe,18536,12.1,0.8159769836398295
1751960746,6.8,65.5,chrome.exe,19528,1.0,0.4116041460792039
1751960746,6.8,65.5,Code.exe,19928,1.9,1.0553357141025994
1751960746,6.8,65.5,Code.exe,20968,1.5,1.9186668852988709
1751960746,6.8,65.5,ChatGPT.exe,23720,2.9,0.6115171768971543
1751960746,6.8,65.5,msedgewebview2.exe,28996,24.0,0.418158275204738
1751960746,6.8,65.5,msedgewebview2.exe,29216,8.3,0.44347994750892306
1751960752,9.1,65.5,System Idle Process,0,717.2,4.836995664600786e-05
1751960752,9.1,65.5,System,4,4.4,0.049821055345388096
1751960752,9.1,65.5,ChatGPT.exe,3844,1.2,0.1654978066643159
1751960752,9.1,65.5,svchost.exe,7764,1.0,0.11693437019172401
1751960752,9.1,65.5,python.exe,11276,6.3,0.48002344975498196
1751960752,9.1,65.5,ChatGPT.exe,15708,1.5,0.9384980838241676
1751960752,9.1,65.5,explorer.exe,18404,2.7,2.316824183430484
1751960752,9.1,65.5,dwm.exe,18536,12.7,0.8158318737698915
1751960752,9.1,65.5,Code.exe,19928,2.4,1.0552873441459534
1751960752,9.1,65.5,Code.exe,20968,3.6,1.9199003191933441
1751960752,9.1,65.5,ChatGPT.exe,23720,3.7,0.6115171768971543
1751960752,9.1,65.5,Code.exe,28588,1.0,0.7673409922322687
1751960752,9.1,65.5,msedgewebview2.exe,28996,24.1,0.418400124987968
1751960752,9.1,65.5,msedgewebview2.exe,29216,5.9,0.44483430629501125
1751960759,10.3,65.4,System Idle Process,0,716.6,4.836995664600786e-05
1751960759,10.3,65.4,System,4,1.5,0.049821055345388096
1751960759,10.3,65.4,svchost.exe,2708,1.0,0.06048663078583283
1751960759,10.3,65.4,ChatGPT.exe,3844,1.0,0.16520758692443985
1751960759,10.3,65.4,svchost.exe,5420,1.0,0.2877528720871007
1751960759,10.3,65.4,chrome.exe,7952,2.4,0.8803090259790199
1751960759,10.3,65.4,python.exe,11276,6.6,0.48004763473330503
1751960759,10.3,65.4,Code.exe,11968,2.4,1.4270104609705239
1751960759,10.3,65.4,chrome.exe,16732,5.3,1.0694113714865878
1751960759,10.3,65.4,Code.exe,17728,2.2,4.379657724512782
1751960759,10.3,65.4,explorer.exe,18404,1.2,2.3169451083220993
1751960759,10.3,65.4,dwm.exe,18536,12.0,0.8158802437265374
1751960759,10.3,65.4,Code.exe,19928,2.7,1.0553357141025994
1751960759,10.3,65.4,Code.exe,20968,1.5,1.9219318573724762
1751960759,10.3,65.4,ChatGPT.exe,23720,3.4,0.6115171768971543
1751960759,10.3,65.4,msedgewebview2.exe,28996,23.3,0.41849686490126
1751960759,10.3,65.4,msedgewebview2.exe,29216,6.8,0.4467207346042056
